npi,name,status,enumerated,official,official_title,address,city,zip,phone,primary_adc,n_locations
1093513285,1 HENLUCY HEALTH SYSTEM,A,2025-03-04,OLAPEMI OBOLANLE,CEO,615 W MOUNT PLEASANT AVE STE 8,LIVINGSTON,07039,973-901-8605,False,2
1316330806,134 EVERGREEN PLACE DAY CARE,A,2015-03-09,GREGORY SHAPIRO,Manager,134 EVERGREEN PL,EAST ORANGE,07018,973-674-5410,True,0
1568853646,24 DUGANS GROVE LLC,A,2015-02-11,ALOK PATEL,ADMINISTRATOR,24 DUGANS GROVE ROAD,MILLSTONE,08535,732-851-6720,True,0
1427647569,2ND HOME ADC LLC,A,2021-01-13,STEPHEN FRUCHTER,owner,2542 BOSTON RD,BRONX,10467,516-672-2621,True,0
1295607570,2ND HOME ADC LLC,A,2025-09-18,STEPHEN FRUCHTER,Member,130 N MAIN ST,NEW CITY,10956,845-499-2165,True,0
1700279932,2ND HOME EAST ORANGE LLC,A,2015-03-12,ALBERT ROSENBERG,Managing Member,115 EVERGREEN PL,EAST ORANGE,07018,973-676-2600,True,0
1669611703,"2ND HOME ELIZABETH OPERATIONS, LLC",A,2009-02-12,JOSH GREENBAUM,President,432 N BROAD ST,ELIZABETH,07208,973-395-0555,True,0
1841593050,2ND HOME NEWARK OPERATIONS LLC,A,2010-12-09,ROCIO MALDONADO,bookkeeper,717 BROADWAY,NEWARK,07104,973-268-1212,True,0
1144368671,2ND HOME ORANGE OPERATIONS LLC,A,2007-02-05,SAM OLLECH,COO,37 N DAY ST,ORANGE,07050,973-395-9800,True,0
1720227879,"2ND HOME PASSAIC OPERATIONS, LLC",A,2009-02-12,SAM OLLECH,COO,63 GROVE ST,PASSAIC,07055,973-395-0555,True,0
1366681405,"2ND HOME PATERSON OPERATIONS, LLC",A,2009-02-12,SAM OLLECH,COO,100 HAMILTON PLZ,PATERSON,07505,973-395-0555,True,0
1285873323,"2ND HOME PERTH AMBOY OPERATIONS, LLC",A,2009-02-12,JOSH GREENBAUM,President,420 FAYETTE ST,PERTH AMBOY,08861,973-395-0555,True,0
1902413032,2ND HOME SPRINGFIELD LLC,A,2020-09-23,SAM OLLECH,COO,40 STERN AVE,SPRINGFIELD,07081,973-634-2236,True,0
1790214708,2ND HOME TOTOWA LLC,A,2017-06-05,SAM OLLECH,COO,120 COMMERCE WAY,TOTOWA,07512,347-406-2621,True,0
1588803357,"2ND HOME UNION CITY OPERATIONS, LLC",A,2009-02-18,SAM OLLECH,COO,3610 PALISADE AVE,UNION CITY,07087,201-864-0400,True,0
1720450794,3000 HILLTOP ROAD OPERATIONS LLC,A,2015-10-29,MICHAEL BERG,Assistant Secretary,3000 HILLTOP RD,WHITING,08759,732-849-4400,False,0
1295201226,3000 HILLTOP ROAD OPERATIONS LLC,A,2018-10-17,MICHAEL BERG,OFFICER,3000 HILLTOP RD,WHITING,08759,732-849-4400,True,0
1609518372,3RD AVENUE SADC CORP,A,2022-04-12,ANNA SHTEYNBERG,OFFICER,2929 3RD AVE FL 2,BRONX,10455,646-255-7929,True,0
1891012159,"A PLUS ADULT MEDICAL DAY CARE, LLC",A,2010-04-27,LENNY KRUGLYAK,LLC Member,575 E 18TH ST,PATERSON,07514,973-977-9100,True,0
1497057137,"A PLUS ADULT MEDICAL DAY CARE, LLC",A,2010-12-01,LENNY KRUGLYAK,LLC Member,575 E 18TH ST,PATERSON,07514,973-977-9100,True,0
1871262121,AASHIRWAD ADULT DAY CARE LLC,A,2021-09-09,SHIVAM PATEL,MEMBER,105 WHITE OAK LN STE 111,OLD BRIDGE,08857,732-325-7787,True,0
1467848358,ABDULLAH MANAGEMENT COMPANY,A,2015-04-08,ROBERT ABDULLAH,President,465 GREENWOOD AVE,TRENTON,08609,732-986-3831,True,0
1366821241,ACTIVE DAY ADULT SOCIAL SERVICES,A,2015-05-25,TATIANA LARINA,Manager,20 JACKSON ST STE 1A,FREEHOLD,07728,732-845-3332,True,0
1588499495,ADCURO HOME HEALTHCARE LLC,A,2024-09-03,JASMINE DICKERSON,CEO,146 S LAKEVIEW DR STE 202,GIBBSBORO,08026,856-433-4585,False,0
1154595601,ADULT DAY CENTER OF SOMERSET COUNTY,A,2008-04-16,JEFF MACAULAY,Executive Director,120 FINDERNE AVE,BRIDGEWATER,08807,908-725-0068,True,0
1609904226,"ADULT DAY CENTER OF THE VISITING NURSE ASSOCIATION OF SOMERSET HILLS,",A,2007-03-02,ANN PAINTER,President and CEO,200 MT. AIRY RD.,BASKING RIDGE,07920,908-766-0180,True,0
1851827091,"ADULT DAY HEALTH, INC.",A,2017-05-09,SUSAN REDD-GARCELON,VP Quality Improvement,911 E 23RD ST,PATERSON,07513,973-346-4300,True,0
1891847919,ADULT MEDICAL DAY CARE CORP. OF BAYONNE,A,2007-01-17,ALEXANDER ARSHIN,Direct Owner President,801 803 BROADWAY,BAYONNE,07002,201-243-0035,True,0
1609178938,ADULTCARE INC. SOCIAL DAYCARE PROGRAM,A,2010-11-18,CHRIS ARCHEVALD,administrator,1607 MANHATTAN AVE,UNION CITY,07087,201-864-5400,True,0
1407974041,"ADULTCARE, INC.",A,2007-03-26,CAROLYN ZAKREVSKY,Director,1607 MANHATTAN AVE,UNION CITY,07087,201-864-5400,True,0
1669533246,"ADVANCED SERVICES INTERNATIONAL, INC.",A,2006-12-13,YURY ROZEL,President,841 E. ST. GEORGE AVE,ROSELLE,07203,201-209-0001,False,0
1316645476,AGE OF PLAY LLC,A,2023-02-20,TATYANA CHERTOK,owner,7 HIGHPOINT RD,HOLMDEL,07733,917-838-7267,True,0
1013621200,AGELESS MOMENTS ADULT SOCIAL DAYCARE,A,2023-01-11,DELIA POLLARD,Owner,209 APPLEGARTH RD,MONROE TOWNSHIP,08831,609-642-8950,True,0
1164998746,AKHIL AUTISM FOUNDATION,A,2018-10-22,MANISHA LAD,Executive Director,399 RIDGE RD STE 4&5,DAYTON,08810,732-887-4263,False,1
1326540014,ALL IN A DAY ADULT MEDICAL DAY CARE,A,2018-03-08,JODI JACOBS,Medicare Coordinator,104 PENSION RD,MANALAPAN,07726,732-446-1804,True,0
1649499351,ALL IN A DAY ADULT MEDICAL DAY CARE,A,2007-04-24,KELLY RAIKE,Administrator,104 PENSION RD,MANALAPAN,07726,732-792-2273,True,0
1720845498,ALL IN A DAY ADULT MEDICAL DAYACRE-BY EXCELCARELLC,A,2024-02-29,KELLY RAIKE,Administrator/Director,104 PENSION RD,MANALAPAN,07726,732-792-2273,True,0
1972638476,ALLIED HEALTHCARE INC.,A,2007-02-23,JAMES BAESZLER,MIS,352 BEVERLY RANCOCAS RD,WILLINGBORO,08046,609-871-8881,True,0
1174740609,"ALTERNATIVE CARE, INC.",A,2007-04-19,GEORGE MERVINE,President,1983 STATE ROUTE 34,WALL,07719,732-974-7666,True,0
1184764649,"ALWAYS CARE ADULT CENTER, INC.",A,2007-02-07,MIRON LIBERMAN,President,8A JOCAMA BLVD.,OLD BRIDGE,08857,732-591-9155,True,0
1750855631,ALWAYS YOUNG AT HEART LLP,A,2019-01-14,RIDA ABI-HABIB,President,25 W BLACK HORSE PIKE,PLEASANTVILLE,08232,914-572-0272,True,0
1760854905,AMBASSADOR HATZLACHA,A,2015-10-27,LEAH RIEDER,Owner,619 RIVER AVE,LAKEWOOD,08701,732-367-1133,True,0
1780710202,AMBASSADOR MEDICAL DAY CARE,A,2007-02-26,AARON STEFANSY,Controller,619 RIVER AVENUE,LAKEWOOD,08701,732-367-1133,True,0
1124422688,AMERICA SOCIETY OF THERMALISM AND CLIMATOLOGY,A,2014-10-13,GARIS SILEGA,President,180 S ORANGE AVE APT 1405,NEWARK,07103,973-900-6397,False,0
1215406863,AMY JACOBS,A,2018-11-13,,,2 E 40TH ST,PATERSON,07514,973-417-2889,True,0
1962388132,ANGEL OF MERCY LLC,A,2025-08-13,ADEOLA AROWORA,Program manager,15 EDITH PL,SOMERSET,08873,609-480-9877,False,0
1346015427,ANGELIC ADVANCE SUPPORT COORDINATOR,A,2023-11-20,NEEMA MUSHI,CEO,399 2ND ST APT 3R,JERSEY CITY,07302,319-300-0095,False,0
1477252021,APEX HOME AND COMMUNITY CARE SERVICES,A,2023-03-02,SAMUEL APPIAH,OWNER,912 POMPTON AVE STE B2,CEDAR GROVE,07009,646-341-7494,False,0
1841561172,APOLLO HEALTHCARE LLC,A,2012-01-18,MOSHE FROST,Controller,515 N ARLINGTON AVE,EAST ORANGE,07017,973-674-1500,True,0
1811454549,"ARCADIA HEALTHCARE GROUP, LLC",A,2019-02-28,TED WILSON,Owner / Administrator,6120 BUCHANAN PL,WEST NEW YORK,07093,973-713-1106,True,0
1992507040,ARCHANGEL MICHAEL ADULT DAY HEALTH CARE CENTER INC.,A,2025-03-26,SAMY BASSILY,Executive Director,7 CHURCH RD,HOWELL,07731,732-690-1575,True,0
1609407212,ARCHANGEL MICHAEL COPTIC ORTHODOX CHURCH,A,2020-02-01,SAMY BASSILY,Treasurer,7 CHURCH RD,HOWELL,07731,732-613-0100,True,0
1952138273,ASAP HOME HEALTHCARE AGENCY LLC,A,2024-09-19,ARDITH COOK,COO,30 KNIGHTSBRIDGE RD STE 525,PISCATAWAY,08854,908-636-8892,False,0
1750785903,ATMIYA ADULT DAY CARE LLC,A,2014-10-17,JAYANT PATEL,PRESIDENT,109 MIDLAND AVE,ELMWOOD PARK,07407,201-509-8870,True,0
1295446557,AUSEN CARE ASSOCIATES LLC,A,2022-12-07,JOHNETTA DILLON,Owner,3000 ATRIUM WAY STE 200,MOUNT LAUREL,08054,856-977-1480,False,0
1376953851,"BAYTUL- IMAN, INC",A,2014-05-05,WAHID SHIBLI,DIRECTOR BUSINESS DEVELOPMENT,311 LAUREL AVE,HAZLET TOWNSHIP,07734,732-207-5893,True,0
1417166547,"BELLEVILLE SENIOR SERVICES, LLC",A,2007-05-22,JAY KLOUD,cfo,518 WASHINGTON AVE,BELLEVILLE,07109,973-751-6000,True,0
1417428335,BERGEN ADULT DAY CARE INC,A,2018-12-17,CHLOE LEE,PRESIDENT,139 E CENTRAL BLVD,PALISADES PARK,07650,201-577-2886,True,0
1992041230,BERGEN COUNTY ADULT DAY CARE LLC,A,2012-12-13,SAVAN PATEL,CEO,340 EVELYN ST,PARAMUS,07652,201-265-0606,True,0
1982949145,BERGEN COUNTY ADULT DAY CARE LLC,A,2012-11-29,SAVAN PATEL,Principal,340 EVELYN ST,PARAMUS,07652,201-265-0606,True,0
1861065005,BERGEN COUNTY IMPROVEMENT AUTHORITY,A,2021-07-23,THOMAS MOLLAHAN,Director,230 E RIDGEWOOD AVE,PARAMUS,07652,201-967-4000,True,0
1023795291,BETTER LIFE ADULT CARE CORP,A,2023-06-29,JOON LEE,Owner/CEO,11 DIVISION AVE,NYACK,10960,201-805-0568,True,0
1720442288,BEZER ADULT DAYCARE SERVICES,A,2016-04-11,DEBRA HEMPLE,CEO,2725 N DELSEA DR,VINELAND,08360,856-696-4380,True,0
1922133537,BIRCHWOOD ADULT DAY CENTER,A,2007-02-22,STEVEN FROHLICH,Administrator,115 EVERGREEN PLACE,EAST ORANGE,07018,973-676-2600,True,0
1073007928,BLACK HORSE ALR LLC,A,2018-06-14,DREW BARILE,CEO,6817 BLACK HORSE PIKE,EGG HARBOR TOWNSHIP,08234,732-403-3151,False,0
1437709797,BLACK HORSE EHT URBAN RENEWAL LLC,A,2019-09-18,DREW BARILE,Member,6817 BLACK HORSE PIKE,EGG HARBOR TOWNSHIP,08234,732-403-3154,False,0
1962636969,BRIANA'S WAY DAY CARE,A,2009-05-06,SUSAN RODRIGUEZ,Owner,22 PLAYERS CIR,TINTON FALLS,07724,732-996-4430,True,0
1477060184,"BRIDGES ADULT DAY HEALTH CARE, LLC",A,2018-01-03,SUSAN VERNACCHIO,controller,352 BEVERLY RANCOCAS RD,WILLINGBORO,08046,609-871-8881,True,0
1902396518,"BRIGHT ADULT MEDICAL DAY CARE, LLC",A,2018-05-18,DAVID GESTETNER,CEO,352 BEVERLY RANCOCAS RD,WILLINGBORO,08046,609-871-8881,True,0
1932768991,BROAD AMDC INC.,A,2019-06-12,JAMES CHANG,President,248 BROAD AVE FL 2,PALISADES PARK,07650,201-669-1050,True,0
1750403473,BROADWAT ADULT MEDICAL DAY CARE CENTER,A,2007-04-04,ZOYA HALAL,Owner,717 BROADWAY,NEWARK,07104,973-268-1212,True,0
1417095324,BROADWAY ADULT MEDICAL DAY CARE INC,A,2007-02-02,ERROL SELTZER,Administrator,24-20 BROADWAY,FAIR LAWN,07410,201-797-1177,True,0
1477761955,BUCKINGHAM ADULT MEDICAL DAY CARE CENTER LLC,A,2007-05-18,CRISTIMINA PEARSON,Administrator,316 N 6TH ST,PROSPECT PARK,07508,973-904-3875,True,0
1659624286,"BUCKINGHAM PLACE, LLC",A,2012-10-19,DEAN PAUL VLECIDES,Administrator,700 WOODS LN,MONMOUTH JUNCTION,08852,732-329-8954,True,0
1952562183,CALVARY BAPTIST ADULT MEDICAL DAY CARE,A,2008-06-20,YVETTE SMITH,Associate Administrator,575 E 18TH ST,PATERSON,07514,973-977-9100,True,0
1992185797,CARE FACTORY INC,A,2015-06-05,MUHAMMAD KAHF,Management,397 HALEDON AVE,HALEDON,07508,973-444-7882,True,0
1619851110,CARE FLEET SUPPORT LLC,A,2025-08-05,JOHNSON UWAGBOE,Director,323 SUNSET AVE,OLD BRIDGE,08857,908-267-4690,False,0
1497217939,CARE FOREVER ADULT DAY CARE CENTER LLC,A,2019-04-03,NEETA THAKAR,President,7 PROGRESS ST,EDISON,08820,732-646-8483,True,0
1972285344,CARE HAVEN SENIOR LIVING LLC,A,2023-08-03,ASHWANI SOIN,Owner,1013 E GIBSON ST,ARCADIA,34266,863-993-9760,False,0
1396291951,CARE WITH LOVE,A,2016-09-01,NESRIN GHALY,Administrative Assistance,953 GARFIELD AVE,JERSEY CITY,07304,201-333-8807,True,0
1144356346,CARECONNECTION. INC,A,2007-02-24,NADINE SIBILA,President,551 N EVERGREEN AVE,WOODBURY,08096,856-845-1976,True,0
1639678642,CAREWAY MEDICAL ADULT DAY CARE CORP,A,2018-02-05,ZHANNA ALERGANT,President/Owner,511 MOLA BLVD,ELMWOOD PARK,07407,201-773-0779,True,0
1285144402,CARING FOR LIFE ADULT MEDICAL DAYCARE,A,2017-10-02,EMILY CHAN,Facility Administrator,120 E HALSEY ROAD,PARSIPPANY,07054,973-515-8079,True,0
1366572687,CARING INC,A,2007-03-06,BRIAN CURRAN,Executive Director of Finance,227 NORTH VERMONT AVENUE,ATLANTIC CITY,08401,609-484-7050,True,0
1336279652,CARING INC,A,2007-03-06,BRIAN CURRAN,Executive Director of Finance,407 WEST DELILAH ROAD,PLEASANTVILLE,08232,609-484-7050,True,0
1427177245,CARING INC,A,2007-03-29,BRIAN CURRAN,Executive Director Of Finance,3700 NEW JERSEY AVENUE,WILDWOOD,08260,609-484-7050,True,0
1558581512,CARING INC,A,2007-05-01,BRIAN CURRAN,Executive Director of Finance,2025 SHORE ROAD,LINWOOD,08221,609-484-7050,True,0
1366567489,CARING INCORPORATED,A,2007-03-20,THOMAS THOMPSON,Controller,227 NORTH VERMONT AVENUE,ATLANTIC CITY,08401,609-484-7050,False,7
1467827634,CARING TREE ADULT MEDICAL DAYCARE LLC,A,2015-12-14,GRAHAM KENNEDY,Administrator/ Owner,51 JAMES WAY,EATONTOWN,07724,732-542-0363,True,0
1902345853,"CARING, INC.",A,2017-02-13,BARBARA JEWELL,President,500 N 7TH ST,CAMDEN,08102,609-484-7050,True,0
1457202533,"CARING, INC.",A,2026-02-05,THOMAS THOMPSON,Controller,6090 DANNENHAUER LN,MAYS LANDING,08330,609-484-7050,True,0
1346541315,"CARING, INC.",A,2010-11-08,THOMAS THOMPSON,Controller,407 W DELILAH RD,PLEASANTVILLE,08232,609-484-7050,True,0
1477840718,"CARING, INC.",A,2011-07-07,THOMAS THOMPSON,Controller,122 E MAIN ST,MILLVILLE,08332,609-484-7050,True,0
1942529359,"CARING, INC.",A,2010-05-25,BARBARA JEWELL,Acting Executive Director,227 NORTH VERMONT AVENUE,ATLANTIC CITY,08401,609-484-7050,True,0
1548577349,"CARING, INC.",A,2010-09-01,BARBARA JEWELL,Acting Executive Director,72 DANFORTH AVE,JERSEY CITY,07305,609-484-7050,True,0
1669808895,CASCADE CORPORATION,A,2013-09-19,TAMARA MORELAND,LNHA,144 MAGNOLIA DR,CAPE MAY COURT HOUSE,08210,609-465-7171,True,0
1467448803,CASCADE CORPORATION,A,2005-09-21,JENNIFER HESS,LNHA,144 MAGNOLIA DR,CAPE MAY COURT HOUSE,08210,609-465-7171,False,0
1487887485,CATHOLIC CHARITIES OF THE ARCH OF NEWARK,A,2009-08-25,ALLAN DAUL,EXECUTIVE DIRECTOR,415 5TH AVE,RIVER EDGE,07661,201-265-3840,True,0
1093994071,CATHOLIC FAMILY & COMMUNITY SERVICES,A,2007-10-26,JOSEPH DUFFY,Executive Director of Catholic Fami,163 ROSA PARKS BLVD,PATERSON,07501,973-345-5853,True,0
1366848582,CCC COUNSELING INC,A,2014-11-16,JEDIEDJAH PEREIRA,OWNER,1212 TODD CT,LAKEWOOD,08701,609-225-9355,False,0
1659557296,CEDAR HARBOR MEDICAL DAY CARE CENTER,A,2008-01-14,MOSHE SCHAUM,Business Manager,545 E 1ST AVE,ROSELLE,07203,908-298-8588,True,0
1558802488,CENTRAL WARD SOCIAL ADULT DAYCARE CENTER,A,2017-03-11,ANDRE SPEIGHT,Executive Director,167 S 6TH ST,NEWARK,07103,973-842-5662,True,0
1437528510,"CENTRO DE AMIGOS, LLC",A,2015-09-18,ENID KARPEH,President,91 BROADWAY,HAVERSTRAW,10927,845-553-9777,True,0
1588081327,"CENTURY ADULT DAY HEALTH SERVICES, LLC",A,2014-03-18,BURT LACIVITA,Officer,16 LINDSLEY AVE,WEST ORANGE,07052,973-325-0229,True,0
1154429546,CHRISTIAN HEALTH CARE CENTER,A,2006-09-20,KEVIN STAGG,Executive Vice President CFO,2000 SIENA VLG,WAYNE,07470,973-305-9155,True,0
1851487334,CHRISTIAN HEALTH CARE CENTER,A,2006-10-04,KEVIN STAGG,Executive Vice President/CFO,301 SICOMAC AVE,WYCKOFF,07481,201-848-5200,True,0
1578819710,CIS AFFORDABLE LLC,A,2012-07-25,CHRISTIANA FOGLIO,Member,201 CROSSWICKS ST,BORDENTOWN,08505,609-298-2229,True,0
1528199551,CLARENDON GARDENS SOCIAL CENTER,A,2007-03-09,ROCHELLE SMITH,Managing Member,212 CLIFTON AVE,NEWARK,07104,973-481-6516,True,0
1699559104,CLAUDIO MIRO,A,2023-08-24,,,5 DELAWARE RD,MORRISTOWN,07960,973-495-6686,True,0
1225727068,CLAYMONT ADULT DAY CARE CENTER LLC,A,2023-05-08,XIN LIU,Owner,2400 PHILADELPHIA PIKE STE B,CLAYMONT,19703,302-404-3888,True,0
1497892400,COMMINITY PROGRAMS INC.,A,2007-01-31,LAWRENCE CARLIN,President,423 W LANDIS AVE,VINELAND,08360,856-691-8554,True,0
1093858789,"COMMUNICARE ADULT DAY HEALTH CENTER, INC.",A,2007-02-14,JACQUELINE DIMAIO,President,309 FRIES MILL RD,SEWELL,08080,856-589-7723,True,0
1720418312,"COMMUNITY HOSPITAL GROUP, INC",A,2013-11-18,RICHARD SMITH,CFO,3 PROGRESS ST,EDISON,08820,908-912-1910,True,0
1760444913,CONFIDENT DAY CARE,A,2006-04-04,ELENA ORLIOUKOVA,President,53 HADDONFIELD RD,CHERRY HILL,08002,856-414-9400,True,0
1295561421,CONNECTED DOTS LLC,A,2024-09-13,JANAE JEFFERSON,Director,76 FARM RD UNIT G,HILLSBOROUGH,08844,908-625-0013,True,0
1235330697,COUNTY OF BERGEN - SENIOR CARE CENTER,A,2007-05-31,GREGORY CONDAL,FISCAL OPERATIONS OFFICER,327 EAST RIDGEWOOD AVENUE,PARAMUS,07652,201-634-2820,True,0
1134938962,COURTYARD ADULT DAY CENTER LLC,A,2025-01-06,NINA TERESHCHENKO,Administrator,111 W MAIN ST,CLINTON,08809,908-735-5111,True,0
1487821930,CPL WHITING LLC,A,2008-05-14,STUART LINDEMAN,Senior Vice President,3000 HILLTOP RD,WHITING,08759,732-849-4400,True,0
1184138125,CROSSCULTURES HEALTH & WELLNESS LLC,A,2017-11-29,ILA BRAHMBHATT,Admin,661 HIGHWAY 33,HAMILTON,08619,609-931-9464,True,0
1508992850,CUMBERLAND COUNTY OFFICE ON AGING,A,2007-02-23,MISONO MILLER,Executive Director,154 SUNNY SLOPE DR,BRIDGETON,08302,856-455-8000,True,0
1407655681,DAY STAKE LLC,A,2025-03-11,MICHAEL TUCCI,President,18-01 POLLITT DR,FAIR LAWN,07410,201-242-0305,True,0
1174664650,DAYBREAK ADULT DAYCARE AT ELIZABETH LLC,A,2007-02-09,MANISHA  PATEL,Owner,712 NEWARK AVE,ELIZABETH,07208,908-353-3530,True,0
1144048158,DAYLIGHT HAVEN LLC,A,2024-09-30,YAKOV TAUB,Managing Member,617 MOUNT PROSPECT AVE,NEWARK,07104,973-282-9494,True,0
1508214099,DIAMOND YEARS ADULT MEDICAL DAY CARE CENTER LLC,A,2016-05-25,EUGENA KIM,Administrator,360 WEST CLINTON STREET,HALEDON,07508,973-942-4111,True,0
1215624630,DIVINECARE PHYSICAL THERAPY LLC,A,2023-04-18,JALPA DHOLARIA,Founder,11 SKILLMAN AVENUE,JERSEY CITY,07306,646-379-4540,False,0
1396128195,E GLISE EVANGELIGUE EBEN EZER INC,A,2015-06-30,DANIEL LAURENT,Administrator,188 CENTRAL AVENUE,EAST ORANGE,07018,973-776-2205,True,0
1124270558,"EDISON ADULT DAY CARE CENTER, LLC",A,2008-10-16,DEBORAH REDINGER,Administrator,1655 OAK TREE RD STE 150,EDISON,08820,732-494-1001,True,0
1770962300,ELDER CARE OF BELLEVILLE LLC,A,2015-05-28,RAKESH ANTALA,PARTNER,250 MILL ST,BELLEVILLE,07109,973-876-9617,True,0
1669697280,ELDERCARE OF ELIZABETH,A,2007-04-17,HAROLD HERSKOWITZ,ADMINISTRATOR,550 N BROAD ST,ELIZABETH,07208,908-994-0050,True,0
1427762954,ERICA CARES LLC,A,2023-01-10,ERICA BROWN,owner,38 THOMAS AVE,SHREWSBURY,07702,732-239-6048,True,0
1215072657,ESSEX MEDICAL DAY CARE LLC,A,2007-02-21,ALEX RUBIN,President,263 HILLSIDE AVE,NUTLEY,07110,973-662-9191,True,0
1578070215,ESSEX REGIONAL EDUCATIONAL SERVICES COMMISSION,A,2018-01-03,JOHN FERRARO,School Business Administrator,23 FAIRFIELD PL,WEST CALDWELL,07006,973-405-6262,True,0
1245881556,EVERGREEN ADULT CARE LLC,A,2019-09-27,WAHID SHIBLI,MANAGER ADMIN,270 HIGHLAND RD,SOUTH ORANGE,07079,732-207-5893,True,0
1629317367,"EVERGREEN ADULT DAY CARE, LLC",A,2013-01-31,VISHAL PATEL,Owner,33 EVERGREEN PL,EAST ORANGE,07018,732-991-8527,True,0
1962952119,"EVERGREEN EAST ORANGE, LLC",A,2016-10-12,DIVYESH MEHTA,Manager,88 EVERGREEN PL,EAST ORANGE,07018,732-986-6978,True,0
1669894846,EVERGREEN SOCIAL CARE LLC,A,2014-01-07,SHAHRUKH JOVINDAH,Managing Member,941 WHITE HORSE AVE,HAMILTON,08610,609-577-0588,True,0
1437612215,FAMILY ADULT DAY CARE LLC,A,2019-04-09,SHANI MADAMINOVA,Administrator,455 MEADOW LN,CARLSTADT,07072,845-399-5544,True,0
1134565567,FAMILY FIRST CARE SERVICES,A,2013-05-13,PAUL FIRETTO,Office Manager,607 S WHITE HORSE PIKE,AUDUBON,08106,856-672-0001,True,0
1699386193,FAMILY SENIOR HEALTH LLC,A,2020-08-10,LUISA UBIERA,ADMINISTRATOR,675 GARFIELD AVE,JERSEY CITY,07305,201-761-0280,True,0
1942335807,FAMILY SENIOR HEALTH LLC,A,2007-02-22,LUISA SANTANA,Administrator,675 GARFIELD AVE,JERSEY CITY,07305,201-761-0280,True,0
1891353215,FIRST HC YONKERS LLC,A,2019-05-31,YAAKOV FRIEDMAN,Managing Member,525 NEPPERHAN AVE FL 2,YONKERS,10703,732-886-1900,True,0
1699806109,FIRST HEALTHCARE ASBURY PARK LLC,A,2007-03-08,YAAKOV FRIEDMAN,Managing Member,600 MAIN ST,ASBURY PARK,07712,732-869-9090,True,0
1043341712,FIRST HEALTHCARE BERGENFIELD LLC,A,2007-03-07,YAAKOV FRIEDMAN,Managing Member,16 N WASHINGTON AVE,BERGENFIELD,07621,201-387-8500,True,0
1164553665,FIRST HEALTHCARE LLC,A,2007-03-08,YAAKOV FRIEDMAN,Managing Member,540 BORDENTOWN AVE,SOUTH AMBOY,08879,732-553-1600,True,0
1972645034,FIVE STAR ADULT MEDICAL DAY CARE CENTER LLC,A,2007-02-13,SVETLANA MARYASH,Managing Member,1201 DEERFIELD TER,LINDEN,07036,908-486-5750,True,0
1164132148,FIVIC SUPPORT SERVICES,A,2022-11-30,AMA BAFFOE,Executive Director,209 PASSAIC AVE,BELLEVILLE,07109,973-392-0430,False,0
1336524917,FLEMINGTON ADULT DAY CARE CENTER,A,2015-07-24,BHAGVATSINH PARMAR,PARTNER,3 WALTER E FORAN BLVD,FLEMINGTON,08822,732-331-8966,True,0
1356835276,FLEMINGTON SOCIAL ADULT DAY CARE LLC,A,2018-06-15,SAMIR SHAH,CEO,3 WALTER E FORAN BLVD,FLEMINGTON,08822,732-589-9404,True,0
1528280823,FOREVER YOUNG MEDICAL DAY CARE,A,2007-05-03,MARIYA TOLCHEVA,OWNER,18 WORLDS FAIR DRIVE,SOMERSET,08873,732-271-8010,True,0
1225655343,FOREVER YOUNG MEDICAL DAY CARE,A,2020-07-06,MARIYA TOLCHEVA,PARTNER - MANAGER,18 WORLDS FAIR DR FL 1,SOMERSET,08873,732-939-9512,True,0
1730929050,FOUR CORNERS COMMUNITY SERVICES LLC,A,2024-05-27,AMA BAFFOE,Executive Director,201 19TH ST FL 1,UNION CITY,07087,973-210-6066,False,0
1740678861,"FREEHOLD HEALTHCARE, LLC",A,2014-12-23,ROBERT NOTTE,Managing Member,680 BROADWAY,PATERSON,07514,973-812-9777,True,0
1184143521,"FREEHOLD MONTCLAIR HEALTHCARE, LLC",A,2017-09-18,ROBERT NOTTE,President,110 GREENWOOD AVE,MONTCLAIR,07042,973-783-5589,True,0
1871247007,"FRIENDS OF GRACE SENIORS, INC.",A,2022-02-07,JUNGHYE AHN,Director of Health,100 GROVE STREET,TENAFLY,07670,201-541-1200,True,0
1083566327,GALLOWAY ADC LLC,A,2026-02-10,SUNIL NAYAK,OWNER,76 W JIMMIE LEEDS RD,GALLOWAY,08205,609-337-6300,True,0
1972283232,GARDEN STATE ADULT MEDICAL DAY CARE CENTER LLC,A,2023-07-21,NILAM TRIVEDI,Administration,20 MEADOWLANDS PKWY,SECAUCUS,07094,201-407-9757,True,0
1053456012,GENERATIONS ADULT DAY HEALTH SERVICES LLC,A,2007-02-20,CHRISTA CALDARALE-AHEARN,"Chief Executive Officer,Owner,Admin",40 E NEW YORK AVE,SOMERS POINT,08244,609-653-9700,True,0
1497977870,"GENERATIONS PLUS, LLC",A,2007-05-03,MOSHE CULANG,adminstrator,7905 BROWNING RD,PENNSAUKEN,08109,856-317-1910,True,0
1225409832,GIFF SOCIAL ADULT DAY CARE,A,2015-10-08,OLOLADE BALOGUN,Owner,1150 DELSEA DR,WESTVILLE,08093,856-383-3515,True,0
1497804231,"GOLD CHRIS ASSOCIATES, LLC",A,2007-01-10,JEFFREY GOLDSTEIN,Chief Executive Officer,1 CENTRE ST.,OCEAN,07712,732-922-0591,False,0
1568846616,GOLDEN ADULT DAY CARE INC,A,2015-07-17,EUNICE PARK,Owner,53-57 WEST FORT LEE ROAD,BOGOTA,07603,201-457-1007,True,0
1750686291,GOLDEN AGE CARE LLC,A,2011-01-13,GALINA GOLDEN,LLC Member,209 COMMERCIAL CT,MORGANVILLE,07751,732-583-9999,True,0
1326187071,"GOLDEN AGE CARE, LLC",A,2007-02-06,GALINA GOLDEN,Managing Member,209 COMMERCIAL COURT,MORGANVILLE,07751,732-583-9999,True,0
1740315118,"GOLDEN AGE EXCELL,LLC",A,2007-02-23,ALEXANDER BRYN,owner,14000 SAGEMORE DR,MARLTON,08053,856-988-9001,True,0
1053682187,GOLDEN AGE SADC,A,2012-01-20,STEVEN METELSKY,President,3601 KINGS HWY,BROOKLYN,11234,201-675-8754,True,0
1942820196,GOLDEN DAYS ADULT CARE CENTER LLC,A,2020-04-17,ASHISH DESAI,OWNER,24 ROSSOTTO DR,HAMDEN,06514,732-284-6020,True,0
1649469511,GOLDEN ERA MEDICAL ADULT DAY CARE LLC,A,2007-10-17,HERAT PURANI,Owner,36 MERIDIAN RD,EDISON,08820,190-832-9555,True,0
1992057459,"GOLDEN HEART ADULT DAY CARE, INC",A,2012-10-09,SPARSHIL PATEL,C.E.O.,101 SHORE RD,SOMERS POINT,08244,609-788-0067,True,0
1861771321,GOLDEN PATH ADULT DAY HEALTH CARE INC.,A,2011-08-15,VIKTOR DUBINSKIY,Administrator,50 CHARLES ST,NEW BRUNSWICK,08901,732-640-1122,True,0
1346637956,GOLDEN RETREAT ADULT DAY CARE CENTER LLC,A,2015-04-21,PRITI BHARGAVA,President,247 W RAMAPO AVE,MAHWAH,07430,201-927-9434,True,0
1457477077,GOLDEN YEARS ADULT DAY CARE CENTER,A,2007-03-22,LYUBOV ILIACHINE,owner,1225 MCBRIDE AVE,WOODLAND PARK,07424,973-783-4112,True,0
1831419464,GOLDEN YEARS ADULT SOCIAL DAYCARE LLC,A,2010-06-05,DANIEL JOHNSON,Managing Member,2 WRIGHT LN,FAR HILLS,07931,201-697-4998,True,0
1164605234,GOLDEN YEARS CARE LLC,A,2007-12-12,GALINA GOLDEN,MANAGING MEMBER,20 JACKSON ST,FREEHOLD,07728,732-845-3332,True,0
1548618341,GOLDEN YEARS DAY CARE INC.,A,2016-06-02,ELI KIPERMAN,CEO,50 SOUTH MUNN AVE,EAST ORANGE,07018,201-349-2635,True,0
1710346085,"GOLDEN YEARS DAY CARE, INC",A,2016-02-15,ORIANNE SMITH,Administrator,966 PINES TER,FRANKLIN LAKES,07417,973-776-2205,True,0
1770961088,GOOD DAY CARE CENTER INC,A,2015-05-07,DANIEL KIM,PRESIDENT,109 S ROUTE 303,CONGERS,10920,201-370-2300,True,0
1528291663,GOOD SHEPARD ADULT DAY CARE LLC,A,2009-08-24,RAGAE WASSEF,President,725 VALLEY BROOK AVE,LYNDHURST,07071,201-933-0711,True,0
1932749835,GRACE &MERCY HOME HEALTHCARE INC,A,2020-01-09,ALEYAMMA JOSEPH,DON,"4095 QUAKER BRIDGE RD, PRINCETON JUNCTION, NJ 08550",WEST WINDSOR,08550,609-964-7770,True,0
1881016657,GRACE ADULT DAY CARE INC,A,2014-01-14,DANIEL KIM,President,543 SHALER BLVD,RIDGEFIELD,07657,201-370-2300,True,0
1245546621,"GRACELAND ADULT MEDICAL DAY CARE,INC",A,2010-08-24,CAROLYN ZAKREVSKY,CEO,316 MADISON AVE,PERTH AMBOY,08861,732-347-0074,True,0
1235257940,"HADDON HOUSE ADULT MEDICAL DAY CARE, LLC",A,2007-03-27,ROOSEVELT NESMITH,Managing Partner,1470 HADDON AVE,CAMDEN,08103,856-964-3100,True,0
1306051941,HAPPY DAYS ADULT DAY HEALTHCARE CENTER,A,2007-05-14,STEVE KLEIMAN,Member,67 S MUNN AVE,EAST ORANGE,07018,973-678-0755,True,0
1336354919,HAPPY DAYS II ADULT HEATHCARE,A,2007-05-14,STEVE KLEIMAN,Member,1060 BROAD ST,NEWARK,07102,973-643-3500,True,0
1568677144,HAPPY DAYS III ADULT HEALTHCARE,A,2007-05-14,STEVE KLEIMAN,Member,591 MONTGOMERY ST,JERSEY CITY,07302,201-938-0300,True,0
1801739172,HAPPY MINDS ADULT CARE LLC,A,2026-04-13,PULIN AMIN,Managing Member,2888 RTE 10 E,MORRIS PLAINS,07950,973-216-1784,True,0
1063743946,"HARMONY ADULT MEDICAL DAY CARE CENTER, INC.",A,2010-01-16,MARINA GLEIZER,Vice president,220 CENTENNIAL AVE,PISCATAWAY,08854,732-665-6014,True,0
1114787546,HARRISBURG HOME ADULT DAY CARE CENTER LLC,A,2024-03-21,ASHISH DESAI,OWNER,3400 N 6TH ST,HARRISBURG,17110,732-284-6020,True,0
1760042337,"HART OF GOLD CARE, INC.",A,2019-06-17,SHARON HARRIS,Director,358 N HOOK RD,PENNSVILLE,08070,609-556-9971,False,1
1871754200,HBA MANAGEMENT INC,A,2008-06-18,THOMAS LONERGAN,Administrator,92 BRICK RD,MARLTON,08053,856-489-4520,True,0
1699702670,"HBA PEDIATRIC MEDICAL DAY CARE, LLC",A,2006-06-27,CAROL BRAUN,Business Office Manager,1401 ATLANTIC AVE,ATLANTIC CITY,08401,609-344-8400,True,0
1033576426,"HEALTHCARE PROVIDERS, LLC",A,2016-01-15,YECHEZKEL/CHARLES STEINHARTER,Manager,53 HADDONFIELD RD,CHERRY HILL,08002,856-414-9400,True,0
1871070888,HEART TO HEART,A,2018-07-23,MOSHE ROSENBERG,CEO,433 WOODBURY GLASSBORO RD,SEWELL,08080,973-678-5500,False,2
1255893830,HELPING US BE OF HOPE,A,2019-04-03,TERRELL MYERS,Owner,1 HAWTHORNE CT,MAPLE SHADE,08052,609-903-7113,False,0
1568818656,HENLUCY HEALTH SYSTEM LLC,A,2016-05-09,OLAPEMI OBOLANLE,President,68 GARSIDE ST,NEWARK,07104,862-930-6688,False,0
1477028926,HENLUCY HEALTH SYSTEM LLC,A,2018-10-11,OLAPEMI OBOLANLE,President,68 GARSIDE ST,NEWARK,07104,862-930-6688,False,0
1710480355,"HERITAGE ADULT ENRICHMENT CENTER, LLC",A,2018-03-09,RENE MALTS,Owner/Administrator,440 WASHINGTON ST,ORANGE,07050,973-677-2273,True,0
1154203974,HOLMDEL ADULT MEDICAL DAY CARE,A,2025-07-23,NIVINE TITRE,Administrator,2145 RTE 35,HOLMDEL,07733,732-772-9041,True,0
1750036661,HOLY DOVE CHRISTIAN FELLOWSHIP,A,2022-02-18,THERESA AYERS,ADMINISTRATOR,915 STUYVESANT AVE,IRVINGTON,07111,973-996-5575,True,0
1215718812,HOM STAFFING AND HOME CARE LLC,A,2023-10-10,MARIAMA BAH,CEO,2 CYPRESS POINT RD,MOUNT HOLLY,08060,609-724-5703,False,0
1609010792,HOME SWEET HOME ADULT MED. DAY LLC,A,2009-04-21,PAULA BOYD,Administrator,860 ROUTE 168,TURNERSVILLE,08012,609-220-1184,True,0
1467874438,HOME SWEET HOME OPERATIONS LLC,A,2014-01-10,ALBERT ROSENBERG,Member,550 N BROAD ST,ELIZABETH,07208,908-994-0050,True,0
1205675998,"HOPE HARBOR SENIOR SERVICES, LLC",A,2024-05-22,EMMANUELLA VALME,Executive Director,941 WHITE HORSE AVE STE 1,TRENTON,08610,475-225-5331,False,0
1922139328,HOPEWELL MEDICAL ADULT DAY CARE,A,2007-03-08,MARY CUDJOE,CEO  Administrator,290 CHESTNUT ST,NEWARK,07105,973-817-8500,True,0
1760700116,HSH ADULT MEDICAL DAY CARE LLC,A,2010-05-10,MARIANNE DELUCA,Director of Nursing/Owner,860 ROUTE 168,TURNERSVILLE,08012,856-481-4066,True,0
1770990400,"HSH HOLDING, LLC",A,2014-07-15,PAUL WRIGHT,OWNER,860 ROUTE 168,TURNERSVILLE,08012,856-481-4066,True,0
1124745138,IBRNG,A,2022-10-21,ASHIER RESPES,CEO,10 LAKESIDE AVE,CHERRY HILL,08003,856-449-3190,True,0
1154724573,INFINITY HEALTHCARE SERVICES LLC,A,2014-09-30,MARK HUNTER,Vice President,610 YORK RD STE 400,JENKINTOWN,19046,267-799-4486,False,2
1548737240,IRVINGTON ADULT DAY CARE CENTER,A,2018-10-31,KAILASH GUPTA,Consultant,62-70 HOWARD STREET,IRVINGTON,07111,862-285-2449,True,0
1811153760,IRVINGTON HEALTHCARE PROVIDERS LLC,A,2008-07-31,CHAVIE KATZ,BILLING MANAGER,170 53RD ST,BROOKLYN,11232,718-567-0400,True,0
1033459813,ISELIN ADULT DAY CARE CENTER LLC,A,2013-02-15,SUNIL PATEL,Partner,477 LINCOLN HWY,ISELIN,08830,201-803-3072,True,0
1952971137,IYAHO SOCIAL SERVICES OF NEW JERSEY INC,A,2021-06-29,HENRY EROMOSELE,Executive Director,491 MANALAPAN RD STE 7,SPOTSWOOD,08884,516-280-5930,False,0
1770998833,JAY SHREE KRISHNA LLC,A,2014-06-27,NITA PANCHAL,Member,101 INDUSTRIAL AVE,LITTLE FERRY,07643,973-202-5072,True,0
1992045405,JAY SHREE KRISHNA MOONACHIE LLC,A,2013-02-20,PARUL SHAH,Member,311 E PARK ST,MOONACHIE,07074,973-202-5072,True,0
1447590716,JAY SHREE KRISHNA PISCATAWAY LLC,A,2013-02-25,KAMAL PANCHAL,Member,201 CIRCLE DR N,PISCATAWAY,08854,973-202-5072,True,0
1093911042,JEWISH COMMUNITY CENTER ON THE PALISADES,A,2007-06-26,VIVIAN KORNER,"Director, Kaplen Adult Reach Center",411 E CLINTON AVE,TENAFLY,07670,201-569-7900,True,0
1952743692,JEWISH COMMUNITY CENTER ON THE PALISADES,A,2013-07-23,SHELLEY LEVY,"Director, Special Services",411 EAST CLINTON AVENUE,TENAFLY,07670,201-408-1489,False,0
1538666177,JIAN YANG AND KANGER HOUSE LLC,A,2018-04-10,HUACHENG WANG,VP,48 HORSEHILL RD,CEDAR KNOLLS,07927,862-520-9205,True,0
1417581257,"JOEY'S QUEST, LLC",A,2020-03-02,KELLY DECHERT,CEO,800 ATLANTIC CITY BLVD,BAYVILLE,08721,732-314-6191,False,0
1679805451,"JOY COMETH IN THE MORNING, LLC",A,2010-02-04,THUMBELINA NEWSOME,Sole Owner,451 ORANGE RD,MONTCLAIR,07042,973-710-0220,True,0
1487011821,JOY OF LIFE ADULT DAY CARE CENTER LLC,A,2016-01-15,KETAN SHAH,Member,1751 NORTH SECOND STREET,MILLVILLE,08332,856-440-5990,True,0
1508385600,JUAN GRANA,A,2017-09-11,,,1115 GLOBE AVE,MOUNTAINSIDE,07092,908-561-8888,True,0
1639217524,JUST HOME INC,A,2007-02-02,ILONA BEKKERMAN,Administrator,7 EDGEBORO RD,EAST BRUNSWICK,08816,732-432-9990,True,0
1831013259,KEYS TO THE HEART LLC,A,2026-08-07,DANIELLE GAILLARD,executive director,1127 RIVINGTON ST,ROSELLE,07203,732-522-3243,True,0
1235566407,KRISHNA PATEL,A,2013-10-03,,,36 MERIDIAN RD,EDISON,08820,732-549-2273,True,0
1184335077,LAKEWOOD STUDY SQUARE INC,A,2022-12-12,HANNAH STEFANSKY,Trustee,313 3RD ST,LAKEWOOD,08701,732-547-1912,True,0
1417798414,"LAMBERTVILLE ESTATE,LLC",A,2024-06-04,SHANE NEWELL,Owner,36 ROCKTOWN LAMBERTVILLE RD,LAMBERTVILLE,08530,609-460-4497,False,0
1881454221,LEBANON ADULT DAY CARE CENTER LLC,A,2024-03-21,ASHISH DESAI,OWNER,924 RUSSELL DR,LEBANON,17042,732-284-6020,True,0
1134834120,LENDING HANDS SUPPORT SERVICES LLC,A,2023-01-16,MARGARITA WHEELWRIGHT,Co-founder,100 FRANKLIN SQUARE DR 4TH FLOOR,SOMERSET,08873,609-306-0568,False,0
1982476339,LETS TALK BEHAVIORAL HEALTH LLC,A,2023-10-27,YOLANDA ATKINSON,Owner,676 AMBOY AVE,WOODBRIDGE,07095,732-925-6972,True,0
1740811330,LIBERTY SOCIAL ADULT DAY CARE LLC,A,2020-01-31,HEMANG PATEL,President,13011 LIBERTY AVE,SOUTH RICHMOND HILL,11419,732-766-5899,True,0
1790081255,LIFE AT SAINT MICHAEL'S INC.,A,2011-02-01,SUSAN WOOD,Executive Director,155 JEFFERSON ST,NEWARK,07105,973-465-2710,True,0
1144429184,"LONG LIFE ADULT DAY CARE, LLC",A,2007-07-11,ELLA EFMAN,Administrator,596 ANDERSON AVE,CLIFFSIDE PARK,07010,201-943-7111,True,0
1447391230,"LONG LIFE ADULT DAY CARE, PC",A,2007-02-12,YELENA KORENFELD,Owner,596 ANDERSON AVE,CLIFFSIDE PARK,07010,201-943-7111,True,0
1366393761,LUMINA CARE NJ LLC,A,2026-02-03,PREET SINGH,Managing Partner,3140 PRINCETON PIKE,LAWRENCEVILLE,08648,609-423-9274,True,0
1689990723,"LUTHERAN SENIOR HEALTHCARE, INC.",A,2010-04-14,JEANNINE RICHMAN,CFO,377 JERSEY AVENUE,JERSEY CITY,07302,201-706-2091,True,0
1285392506,MAGNOLIA ADULT DAY CARE LLC,A,2021-12-03,LUCINDA AVLONITIS,Co-Owner,2300 3RD ST,FORT LEE,07024,201-482-4500,True,0
1407655004,MAHANAIM SANCTUARY A NJ NONPROFIT CORPORATION,A,2025-03-07,DOMINIQUE SAINT-PREUX,Secretary / Project Manager,135 PERRYVILLE RD,HAMPTON,08827,908-460-3038,True,0
1902605595,MAHANAIM SANCTUARY A NJ NONPROFIT CORPORATION,A,2025-03-07,DOMINIQUE SAINT-PREUX,Secretary / Project Manager/COO,135 PERRYVILLE RD,HAMPTON,08827,908-460-3038,True,0
1588048896,MANAV LLC,A,2015-07-16,HETAL DALIA,MANAGING PARTNER,4 CROSSROADS DR STE 108,HAMILTON,08691,732-754-5666,True,0
1851871370,MARIO MILLAN,A,2018-08-14,,,114 WASHINGTON AVENUE,BELLEVILLE,07109,973-429-0525,True,0
1801142658,MARY SALPAS,A,2012-07-31,,,2475 MCCLELLAN AVE,PENNSAUKEN,08109,856-675-3355,True,0
1659877058,"MATAWAN ADULT DAY CARE, LLC",A,2018-04-04,WILLIAM ZENGERLE,Executive Director,3996 COUNTY RD 516 STE 101,MATAWAN,07747,732-391-8100,True,0
1689637936,MATHENY SCHOOL AND HOSPITAL,A,2006-04-08,STEVEN PROCTOR,President,1467 HIGHLAND AVENUE,PEAPACK,07977,908-234-0011,True,0
1588627012,MATHENY SCHOOL AND HOSPITAL,A,2006-04-07,STEVEN PROCTOR,President,216 VALLEY PARK,HILLSBOROUGH,08844,908-904-1055,True,0
1770546020,"MATHENY SCHOOL AND HOSPITAL,INC.",A,2006-04-08,VINCENT BARBA,CMO,65 HIGHLAND AVE,PEAPACK,07977,908-234-0011,False,0
1992338875,MEDICAL ADULT DAY CARE AT PRINCETON HEALTH CAMPUS LLC,A,2020-02-19,NALIN PATEL,Director,2 HOSPITAL DRIVE,PLAINSBORO,08536,609-356-7800,True,1
1194972372,MER ASSOCIATES LLC,A,2008-08-19,MIKHAIL LIPSKY,Manager,615-625 MAIN AVE,PASSAIC,07055,917-731-9930,True,0
1962741611,MERIDIAN ADULT DAY CARE LLC,A,2013-01-31,DAXA PATEL,Owner,495 N 13TH ST,NEWARK,07107,973-477-3836,True,0
1831998905,METROPOLITAN LIFE CORE CORPORATION,A,2025-03-11,JAMIE RYAN,Administrator,300 BROADWAY,BAYONNE,07002,201-243-0555,True,0
1225228299,MI CASA ES SU CASA II,A,2007-07-26,ANTONIO GINES,Owner/CEO,30 S MAPLE AVE,RIDGEWOOD,07450,201-652-8434,True,0
1104333947,MIDDLESEX SOCIAL DAYCARE LLC,A,2018-01-02,VARUN MALHOTRA,Administrator,21 CORTLANDT ST,EDISON,08837,908-510-6529,True,0
1437669884,MINDING MIRACLES,A,2017-10-11,KATHLEEN DEMARCO,President,405 HIGHWAY 36,PORT MONMOUTH,07758,732-291-0810,False,0
1437524378,MINDING MIRACLES,A,2015-12-03,KATHLEEN DEMARCO,President,405 HIGHWAY 36,PORT MONMOUTH,07758,848-757-2123,False,0
1720393580,MINDING MIRACLES LEARNING CENTER,A,2010-08-17,ELIZABETH DEMARCO,CEO,405 HIGHWAY 36,PORT MONMOUTH,07758,848-757-2123,False,1
1275233322,MOHAMED CONTEH,A,2023-03-07,,,500 ADAMS LN APT 8G,NORTH BRUNSWICK,08902,173-266-6894,False,1
1982878567,MORNING STAR ADULT DAY CARE,A,2008-04-15,STEPHANIE LARBI,DIRECTOR,90 KYLE WAY,EWING,08628,609-718-0153,True,0
1679236764,MORNING STAR SUPPORTIVE SERVICES CORPORATION,A,2021-10-16,HALIMAT AKANBI,Executive Director,2509 PARK AVE,SOUTH PLAINFIELD,07080,551-312-8522,False,2
1629454764,MORRIS ADULT DAY CARE LLC,A,2015-07-30,WILLIAM ZENGERLE,COO,784 ROUTE 46,PARSIPPANY,07054,973-794-4455,True,0
1689283186,MOVING FORWARD DEVELOPMENTAL CENTER L L C,A,2020-07-30,KEELAN VICTOR,Director,210 S BLACK HORSE PIKE,BLACKWOOD,08012,856-542-8929,True,0
1245617786,MT BETHEL DAY PROGRAM LLC,A,2015-05-05,DEENA SCHAFFER,CFO,"67 MOUNTAIN BLVD, SUITE 201",WARREN,07059,908-757-7000,True,0
1316153521,MUHLENBERG REGIONAL MEDICAL CENTER,A,2007-05-15,RICHARD SMITH,CFO,80 JAMES ST,EDISON,08820,732-632-1571,True,0
1750435798,"MY DAY HOME, LLC",A,2007-01-23,ARACELY HERNANDEZ,Administrator,120 COMMERCE WAY,TOTOWA,07512,973-890-5888,True,0
1053597096,MY HOME ADULT DAY CARE CENTER,A,2008-01-20,PRADIP KABARIA,President,37 BROOK AVE,MAYWOOD,07607,201-291-8811,True,1
1518470269,"MYADULTDAYCARE, LLC",A,2017-11-15,SANJAY CHITALE,Managing Partner,141 SOUTH AVE STE 201,FANWOOD,07023,732-742-4105,True,0
1346808805,NADIA SPEIGHTS- BENTON,A,2019-05-30,,,230 BERKELEY AVE FL 2,NEWARK,07107,973-303-5881,False,0
1831651082,NAND GHANSHYAM,A,2019-04-04,SRUTIVALLABHDAS SWAMI,ADMINISTRATOR,347 ELIZABETH AVE,SOMERSET,08873,972-489-8092,True,0
1689488231,NARAYAN SEVA NIKETAN LLC,A,2025-02-04,BELABEN AMIN,Owner,217 DURHAM AVE,SOUTH PLAINFIELD,07080,732-512-8279,True,0
1457849416,NAZARENE COMMUNITY DEVELOPMENT FOUNDATION INC.,A,2018-04-25,DYHEIM WATSON,CEO,1500 S 8TH ST,CAMDEN,08104,856-365-0642,True,0
1164042230,"NECESSARY RESOURCES, LLC",A,2020-04-19,JODYANN BLAGROVE,CEO,130 US HIGHWAY 22 E FL 1,NORTH PLAINFIELD,07060,908-540-0500,True,0
1376071241,"NEPTUNE ADULT DAY HEALTH CENTER, INC.",A,2017-05-23,ULYANA YAGODINTSEVA,Administrator,3405 ROUTE 33,NEPTUNE,07753,732-918-0663,True,0
1114547890,NESCONSET OPERATING LLC,A,2020-04-22,MARK FRIEDMAN,Owner,45 ROCKY POINT RD,MIDDLE ISLAND,11953,631-924-0700,True,0
1013537786,NESCONSET OPERATING LLC,A,2020-04-22,MARK FRIEDMAN,Owner,575 CLAYTON ST,CENTRAL ISLIP,11722,201-731-1700,True,0
1164551883,NEW COMMUNITY ECF AND MDC CENTER,A,2007-03-06,DAVID SPATOLA,Director,266 S ORANGE AVE,NEWARK,07103,973-624-2020,True,0
1356028021,NEW HOPE AGENCY INC.,A,2023-07-03,JASON MATTHEWS,Co-Owner,802 BRAND AVE,CLEMENTON,08021,609-972-3625,False,0
1811679798,"NEW HORIZONS IN AUTISM, INC.",A,2023-08-01,SIMONE WATERS,Director of Outreach & Development,75 LACEY RD STE 3,WHITING,08759,732-918-0850,False,0
1548689086,NEW JERSEY ADULT MEDICAL DAY CARE CENTER II,A,2014-04-14,JOAN MARIE GRANATO,Owner,290 CHESTNUT STREET,NEWARK,07105,973-578-2815,True,0
1316269152,"NEW JERSEY ADULT MEDICAL DAY CARE, INC.",A,2010-02-21,JOAN MARIE GRANANTO,Owner,22-08 ROUTE 208,FAIR LAWN,07410,201-736-5301,True,0
1992568877,NEW LIFE ADULT DAYCARE LLC,A,2024-02-02,USHA DARJI,co-Owner,727 FRANKLIN BLVD STE 6,SOMERSET,08873,732-253-5658,True,0
1407062409,NEW LIFE ADULT MEDICAL DAY CARE CORP,A,2007-05-15,ZHANNA ALERGANT,President,340 EVELYN ST,PARAMUS,07652,201-265-0606,True,0
1396001889,NEW LIFE ADULT SOCIAL DAY CARE,A,2012-04-09,RACHNABEN TRIPATHI,Administrator,727 FRANKLIN BLVD STE 6,SOMERSET,08873,732-253-5658,True,0
1215027966,NEWARK BETH ISRAEL MEDICAL CENTER INC,A,2006-10-13,DARRELL TERRY,CEO,201 LYONS AVE,NEWARK,07112,973-926-7000,False,0
1215115274,NEWARK EXTENED CARE FACILITY INC,A,2008-02-01,ELKY EISDORFER,ASSISTANT ADMINISTRATOR,65 JAY ST,NEWARK,07103,973-483-6800,True,0
1558838250,NIRAMAY ADULT DAY CARE LLC,A,2018-10-31,PRAFUL PATEL,Owner,290 ROUTE 46,PARSIPPANY,07054,973-396-8527,True,0
1750626255,NIRVANA ADULT DAY CARE LLC,A,2012-12-10,VISHAL PATEL,Partner,2050 OAK TREE RD,EDISON,08820,732-991-8527,True,0
1831517796,"NORTH BERGEN HEALTH CARE, LLC",A,2014-03-28,RICH MOLFETTA,C.F.O.,9020 WALL ST,NORTH BERGEN,07047,201-624-2750,True,0
1902945140,NORTH BERGEN SENIORS COUNT LLC,A,2007-02-05,MARIA CLYNES,administrator,6201 GRAND AVE,NORTH BERGEN,07047,201-869-4443,True,0
1659720381,NUTLEY ADULT DAY CARE INC,A,2016-06-03,SAQIB MALIK,Director Information Technology,"357-361 HARRISON ST,",NUTLEY,07110,551-689-6100,True,0
1740549203,NWANKWO G MEDICAL SERVICES LLC,A,2012-05-03,GLORIA NWANKWO,OWNER/PHYSICIAN,22 UNION AVE STE 105,IRVINGTON,07111,973-416-1111,True,0
1679355325,OASIS FAMILY SUPPORT L.L.C.,A,2023-10-17,MICHAEL MUGO,Co-Founder,624 ROBIN RD,HILLSBOROUGH,08844,908-937-4119,False,0
1467222422,ONE ADULT DAYCARE CENTER CORP,A,2024-01-02,HANNA KIM,Administrator,136 MEHRHOF RD,LITTLE FERRY,07643,201-572-2422,True,0
1831462704,OPEN ARMS ADULT DAY CLUB & SENIOR SERVICES LLC,A,2012-02-22,ELIANA DIGIACOMO,President,18B MAPLE ST,LEBANON,08833,908-840-4128,True,0
1013110923,"OPPORTUNITY PROJECT, INC.",A,2007-06-07,GERI ANN SWENARTON,"VP, Finance",60 E WILLOW ST,MILLBURN,07041,973-921-1000,False,0
1154623262,OSL CENTER,A,2010-11-22,JACKIE LYNCH,Director,14 S STATE ST,HACKENSACK,07601,201-562-7501,True,0
1568986131,"OUR HOME ADULT DAY CARE, LLC",A,2017-07-26,CHEE KIM,President,475 GRAND AVE,ENGLEWOOD,07631,201-541-1111,True,1
1992012157,"PABLO A. ARTETA, M.D.,P.C.",A,2010-09-09,PABLO ARTETA,Owner/Physician,426 57TH ST,WEST NEW YORK,07093,201-869-6000,True,0
1629508718,PAPA SENIOR RECREATION CENTER,A,2017-06-12,POPAT PATEL,MANAGER,843 SAINT GEORGE AVE,ROSELLE,07203,732-558-7236,True,0
1346779543,PARADISE ADULT DAY HEALTHCARE LLC,A,2017-06-09,VLADISLAV TOLCHEV,Administrator,23 WORLDS FAIR DR,SOMERSET,08873,732-595-5315,True,0
1083255012,"PARAM HEALTHCARE & IT SERVICES, INC",A,2019-10-01,VIPUL AMIN,PRESIDENT/OWNER,750 BLOOMFIELD AVE,CLIFTON,07012,908-296-5181,True,0
1033578851,"PARAM HEALTHCARE & IT SERVICES, INC.",A,2016-02-22,VIPUL AMIN,OWNER,60 E HANOVER AVE,MORRIS PLAINS,07950,908-296-5181,True,0
1558549287,PARKER HOME AND COMMUNITY BASED SERVICES INC,A,2008-02-05,EDWARD MATTHEWS,CFO,443 RIVER RD,HIGHLAND PARK,08904,732-418-8614,True,0
1679067433,PARKER HOME AND COMMUNITY BASED SERVICES INC,A,2018-06-15,MEGAN KOVALTCHOUK,Senior Director HCBS,200 OVERLOOK DR,MONROE TOWNSHIP,08831,609-655-6853,True,0
1871220582,PARKER HOME AND COMMUNITY BASED SERVICES INC,A,2022-08-03,ROBERTO MUNIZ,President,15 DELLWOOD LN,SOMERSET,08873,732-418-8618,True,0
1467210336,"PARKER HOME AND COMMUNITY BASED SERVICES, INC",A,2024-03-06,YULIER GOMEZ,Financial Services Mgr,1421 RIVER RD,PISCATAWAY,08854,732-545-8330,True,0
1477016681,PARR ENTERPRISES LLC,A,2019-04-14,SESH SUBRAMANIAN,Managing Owner,12 STULTS RD STE 125,DAYTON,08810,732-690-5801,False,0
1326387077,PARSIPPANY ADULT DAY CARE LLC,A,2013-01-31,DAXA PATEL,Owner,796 ROUTE 46,PARSIPPANY,07054,973-477-3836,True,0
1861732208,PARSIPPANY ADULT DAYCARE CENTER LLC,A,2013-02-21,RAJESH JARIWALA,President,28 WILLOW AVE,ISELIN,08830,917-520-4126,True,0
1417096157,PASSAIC COUNTY ELKS ADULT TRAINING CENTER,A,2007-02-06,STEPHANIE RICHVALSKY,Supervisor,600 US HIGHWAY 46,CLIFTON,07013,973-478-6655,True,0
1518250604,PASSAIC COUNTY ELKS CEREBRAL PALSY CENTER,A,2011-05-23,WILLIAM WEISS,Executive Director,1481 MAIN AVE,CLIFTON,07011,973-772-2600,True,0
1912889254,PEOPLE 2 PEOPLE,A,2025-07-25,QUNITA BRECKLEY,Owner,974 SUMMIT AVE,JERSEY CITY,07307,646-263-8998,False,0
1841832482,PERFECTING LIFE COMMUNITY CENTER,A,2019-10-15,LLOYD BROWN,Owner,183 BELMONT AVE,HALEDON,07508,201-528-3611,True,0
1336828805,PERICLES DAYCARE CENTER INC.,A,2023-07-12,CHRISTY FRANCOIS,President,31 GROVE RD,UNION,07083,908-418-0432,True,0
1093229064,PERSONALIZED POTENTIAL CENTER,A,2017-11-28,MEGAN PIOCH,Chief Operating Officer,20 ROOSEVELT AVE,ELMWOOD PARK,07407,201-956-0039,False,0
1669828950,PLAZA ADULT DAY CARE,A,2016-05-05,RITU CHITKARA,president,3 BLACK WALNUT WAY,MARLBORO,07746,732-308-0716,True,0
1316086994,"PLEASANT VALLEY ADULT DAY CENTER, INC",A,2007-02-06,JOSEPHINE SHARKEY,Executive Director,678 N BEERS ST,HOLMDEL,07733,732-888-4567,True,0
1821496712,PPMD WEST BERLIN 1ST FLOOR,A,2014-12-09,LEEANNA ROMAN-LOZADA,Precident / CEO,411 COMMERCE LN,WEST BERLIN,08091,856-753-7935,True,0
1730353764,PRESTIGE EDUCATIONAL MANAGEMENT,A,2008-04-22,DANA KEARNEY,Owner,4313 ROUTE 130,EDGEWATER PARK,08010,609-531-0128,True,0
1982357729,"PRESTIGE OF EWING AMDC, LLC",A,2022-02-01,ISAAC FELSENBURG,Member,1676 N OLDEN AVE,EWING,08638,609-434-0041,True,0
1073093506,PRESTIGE OF MARLTON AMDC LLC,A,2018-08-15,ISAAC FELSENBURG,CFO,14000 SAGEMORE DR,MARLTON,08053,917-951-3150,True,0
1235705948,"PRESTIGE OF NORTHFIELD AMDC, LLC",A,2021-06-02,ISAAC FELSENBURG,Member,331 TILTON RD,NORTHFIELD,08225,917-951-3150,True,0
1144973900,"PRESTIGE OF WOODLAND PARK AMDC, LLC",A,2022-02-01,UTSAV MODI,Member,1225 MCBRIDE AVE,WOODLAND PARK,07424,973-782-4112,True,0
1699329094,"PRESTIGIOUS ADULT DAY CARE, INC.",A,2019-07-25,GWEN WALKER,consultant,7 BROAD AVE STE 301,PALISADES PARK,07650,601-317-1417,True,0
1427737584,PRIME LUXURY HAVEN,A,2023-07-17,AKIN OBISESAN,Director,18 2ND ST,NEWARK,07107,718-925-7080,False,0
1689051732,PRINCETON ADULT DAY CARE LLC,A,2015-04-28,SHAHRUKH JOVINDAH,Owner,2245 ROUTE 130,SOUTH BRUNSWICK,08810,609-577-0588,True,0
1861290298,PRIYA PATEL,A,2025-03-03,,,15 CHESAPEAKE RD,MONMOUTH JUNCTION,08852,732-599-4691,True,0
1245352905,PROMISE ALTERNATIVE CARE INC,A,2007-04-04,STEPHEN CONSIDINE,Financial Administrator,1149 MARLKRESS RD,CHERRY HILL,08003,856-751-4884,True,0
1649891706,PROMISING ADULT DAY CARE LLC,A,2020-04-29,RANY GHAZY,Owner,540 STRAIGHT ST,PATERSON,07503,973-833-3000,True,0
1699953406,"PROVIDENCE CARE, LLC",A,2008-02-04,SIMON FRIDMANN,Owner,80 W UPPER FERRY RD,EWING,08628,732-942-6400,True,0
1043168487,PUNITKUMAR PATEL,A,2026-03-20,,,155 ALGONQUIN PKWY,WHIPPANY,07981,862-579-5289,True,0
1588921886,R H C ADC INC,A,2012-04-12,RAJESH JARIWALA,PRESIDENT,28 WILLOW AVE,ISELIN,08830,917-520-4126,True,0
1710461157,RACHNABEN TRIPATHI,A,2018-09-21,,,NEW LIFE ADULT DAYCARE,SOMERSET,08873,732-253-5658,True,0
1811155393,RAINBOW HEALTHCARE INC.,A,2008-05-30,AMRISH BHIMANI,President,370 CAMPUS DR,SOMERSET,08873,732-991-3782,True,0
1952668253,RELIANCE ADULT DAY CARE INC,A,2012-04-12,RAJESH JARIWALA,PRESIDENT,8 JOCAMA BLVD,OLD BRIDGE,08857,732-591-9155,True,0
1093040958,RELIANCE HEALTHCARE NJ INC.,A,2009-10-11,RAJESH JARIWALA,President,106 MAIN STREET,SOUTH AMBOY,08879,732-721-9200,True,0
1063259075,REM NEW JERSEY INC,A,2024-07-09,RYAN LOVELADY,Regional Director,95 CONNECTICUT DR STE C,BURLINGTON,08016,732-627-9890,True,0
1053798934,"REM NEW JERSEY, INC.",A,2015-04-30,BRETT COHEN,COO,80 COTTONTAIL LN,SOMERSET,08873,732-627-9890,True,0
1801397922,RENEE MALTS,A,2018-02-23,,,440 WASHINGTON ST,ORANGE,07050,973-677-2273,True,0
1780278481,"RESOURCES FOR INDEPENDENT LIVING, INC.",A,2021-02-23,LISA KILLION-SMITH,Executive Director,195 N BROADWAY,PENNSVILLE,08070,856-678-9400,False,0
1518402221,"RESOURCES FOR INDEPENDENT LIVING, INC.",A,2017-01-04,LISA KILLION-SMITH,Executive Director,193 N BROADWAY,PENNSVILLE,08070,856-678-9400,False,1
1992241475,RGS OPERATING LLC,A,2017-01-09,DAVID SILVERBERG,President,80 W UPPER FERRY RD,EWING,08628,609-883-0020,True,0
1114266178,RISING STAR ADULT DAY CARE CENTER LLC,A,2013-02-11,SEJAL DASONDI,Director,1980 N OLDEN AVENUE EXT,EWING,08618,732-979-4512,True,0
1205978384,"RIVAARON, LLC",A,2007-02-13,RAY SIMONIAN,DIRECTOR OF SOCIAL SERVICE,139 GRANT AVE,EATONTOWN,07724,732-578-1888,True,0
1053438002,RIVERSIDE MANOR ADULT DAY HEALTH CARE CENTER L.L.C.,A,2007-03-23,DAVID MILLER,Manager,699 CROSS ST,LAKEWOOD,08701,732-370-9400,True,0
1447660170,ROBERT ABDULLAH,A,2014-05-02,,,10 DIAMOND CT,FRANKLIN PARK,08823,732-986-3831,True,0
1942965132,ROSE GARDEN NJ LLC,A,2021-11-03,SAJJAD LADHA,OWNER,911 ARENA DR,HAMILTON,08610,201-417-3396,True,0
1285843748,RUTGERS-UNIVERSITY BEHAVIORAL HEALTH CARE,A,2007-05-22,FRANCIS COLFORD,"Vice President, Finance & Treasurer",671 HOES LN,PISCATAWAY,08854,732-235-5940,True,0
1083848642,"SALEM ADULT DAY CARE, LLC",A,2009-05-12,JENNIFER BUCOLO,Administrator,53-55 S BROAD ST,PENNS GROVE,08069,856-299-1111,True,0
1962602912,SARAHCARE@WATCHUNG SQUARE,A,2007-07-18,JUAN GRANA,President,130 ROUTE 22 E,NORTH PLAINFIELD,07060,908-561-8888,True,0
1417425000,"SATYANARAYAN HEALTHCARE, LLC",A,2018-11-13,TEJAS PATEL,MANAGING MEMBER,217-225 DURHAM AVE,SOUTH PLAINFIELD,07080,908-769-5100,True,0
1265665194,"SATYANARAYAN HEALTHCARE, LLC",A,2009-08-26,TEJAS PATEL,Member,1 EHEL ROAD,EDISON,08817,908-769-5100,True,0
1497176341,SEACREST VILLAGE ADULT DAY CARE,A,2013-12-19,MICHELLE MEDORA,Business Office Manager,1001 CENTER ST,LITTLE EGG HARBOR TWP,08087,609-296-9292,True,0
1720266455,SECOND INNING ADULT DAY CARE CENTER,A,2008-02-05,NALIN PATEL,Owner,1501 LIVINGSTON AVE,NORTH BRUNSWICK,08902,732-626-5544,True,0
1063681179,SECOND INNING1 ADULT DAY CARE CENTER,A,2008-02-22,JAGAT MEHTA,Owner,155 ALGONQUIN PKWY,WHIPPANY,07981,190-832-9555,True,0
1780952671,SELAH CARE CENTER A NJ NON-PROFIT ORG,A,2011-12-06,DARLENE TRANQUILLI,Executive Director,236 MAIN STREET,LEWISTON,04240,207-513-5150,True,0
1376766493,SENIOR CARE & ACTIVITIES CENTER,A,2007-04-10,FREDERICK JENNY,Executive Director,110 GREENWOOD AVE,MONTCLAIR,07042,973-783-5589,True,0
1376057059,"SENIOR CARE CENTERS OF AMERICA, INC .",A,2017-11-17,CRAIG MEHNERT,President/COO,430 E WESTFIELD AVE,ROSELLE PARK,07204,215-642-6600,True,0
1154458289,"SENIOR CARE CENTERS OF AMERICA, INC .",A,2007-02-27,DEBORA HOCKENBURY,Contracts Manager,123 EGG HARBOR RD,SEWELL,08080,856-589-6500,True,0
1154458297,"SENIOR CARE CENTERS OF AMERICA, INC.",A,2007-02-27,DEBORA HOCKENBURY,Contracts Manager,8008 US ROUTE 130 NORTH,DELRAN,08075,856-461-1700,True,0
1306144019,"SENIOR CARE CENTERS OF AMERICA, INC.",A,2011-03-03,DEBORA HOCKENBURY,Contracts Manager,435 HARDING HWY,CARNEYS POINT,08069,856-878-6035,True,0
1760519870,"SENIOR CARE CENTERS OF AMERICA, INC.",A,2007-02-27,DEBORA HOCKENBURY,Contracts Manager,1361 CHEWS LANDING RD,LAUREL SPRINGS,08021,856-784-4000,True,0
1760915821,"SENIOR CARE CENTERS OF AMERICA, INC.",A,2017-04-06,CRAIG MEHNERT,COO,324 55TH ST,WEST NEW YORK,07093,215-642-6600,True,0
1366571630,"SENIOR CARE CENTERS OF AMERICA, INC.",A,2007-03-05,DEBORA HOCKENBURY,Contracts Manager,211 S MAIN ST,CAPE MAY COURT HOUSE,08210,609-465-8840,True,0
1457804106,"SENIOR CARE CENTERS OF AMERICA, INC.",A,2016-07-29,CRAIG MEHNERT,COO,911 E 23RD ST,PATERSON,07513,973-345-4300,True,0
1144358870,"SENIOR CARE CENTERS OF AMERICA, INC.",A,2007-03-02,STEPHANIE VANSCHAICK,Regulatory and Contract Analyst,750 W DELILAH RD,PLEASANTVILLE,08232,609-652-3600,True,0
1124155239,"SENIOR CARE CENTERS OF AMERICA, INC.",A,2007-02-27,DEBORA HOCKENBURY,Contracts Manager,556A LIPPONCOTT DRIVE,MARLTON,08053,856-988-3250,True,0
1649306556,"SENIOR CARE CENTERS OF AMERICA, INC.",A,2007-02-26,DEBORA HOCKENBURY,Contracts Manager,2695 S LINCOLN AVE,VINELAND,08361,856-691-3756,True,0
1386770295,"SENIOR CARE CENTERS OF AMERICA, INC.",A,2007-02-26,DEBORA HOCKENBURY,Contracts Manager,410 WHITEHEAD RD,HAMILTON,08619,609-883-0200,True,0
1588197644,"SENIOR CARE CENTERS OF AMERICA, INC.",A,2017-04-06,CRAIG MEHNERT,COO,6201 GRAND AVE,NORTH BERGEN,07047,215-642-6600,True,0
1831226943,"SENIOR CARE CENTERS OF AMERICA, INC.",A,2007-02-27,DEBORA HOCKENBURY,Contracts Manager,1000 ATLANTIC AVE,CAMDEN,08104,856-246-3350,True,0
1699073866,"SENIOR CARE CENTERS OF AMERICA, INC.",A,2011-03-11,DEBORA HOCKENBURY,Contracts Manager,1137 HIGHWAY 77,BRIDGETON,08302,856-451-7227,True,0
1316361793,"SENIOR CARE CENTERS OF AMERICA, INC.",A,2014-02-06,DEBORA HOCKENBURY,Contracts Manager,2125 ROUTE 88,BRICK,08724,732-899-1331,True,0
1962310961,"SENIOR LIFE SOMERSET, INC.",A,2026-08-31,DAVID DODSON,CFO,757 ROUTE 202/206,BRIDGEWATER,08807,814-535-6000,False,0
1245384916,SENIOR SPIRIT OF ROSELLE PARK,A,2007-01-22,ENRIQUE GIORDANO,Managing Member,430 EAST WESTFIELD AVENUE,ROSELLE PARK,07204,908-241-9393,True,0
1669598314,SENIOR STAR CORP. MEDICAL DAY,A,2007-03-22,JULIA KIPNIS,President,1676 N OLDEN AVE,EWING,08638,609-434-0041,True,0
1609178599,SENIOR STAR CORP. SOCIAL DAY,A,2010-11-26,JULIA KIPNIS,President,1676 N OLDEN AVE,EWING,08638,609-434-0041,True,0
1386782811,SENIORS COUNT LLC,A,2007-02-05,FRIEDA FINKELSTEIN,Administrator,324 55TH ST,WEST NEW YORK,07093,201-223-6800,True,0
1619322021,SEVA SADAN LLC,A,2016-05-04,JIGNESH PATEL,COO,165 AMHERST AVE,COLONIA,07067,732-983-2403,True,0
1528768009,SHAANTI DHAAM LLC,A,2023-03-03,MEGHA GUGLANI,Administrator,24 US HIGHWAY 46,WAYNE,07470,973-519-7121,True,0
1023481983,SHAHNAWAZ ADULT CARE,A,2015-11-01,PANKAJ BHATT,ADMINISTRATOR,36 MERIDIAN RD,EDISON,08820,732-662-1200,True,0
1740982602,SHAKTI DAY CARE LLC,A,2023-03-21,HIRAL PATEL,Manager,902 OAK TREE AVE STE 5100,SOUTH PLAINFIELD,07080,732-318-8261,True,0
1386488385,SHAMS ADULT DAY CARE CENTER,A,2024-06-24,JOLIE FROMM,Administrator,2600 US HIGHWAY 1,NORTH BRUNSWICK,08902,732-444-2000,True,0
1891824835,SHORE WINDS CORP,A,2007-03-05,SUSAN MACDONALD,PRES,205 W PARKWAY DR,EGG HARBOR TWP,08234,609-484-3311,True,0
1275017816,SHREWSBURY HEALTH ADULT DAYCARE,A,2018-09-19,MARIO MILLAN,Ower,114 WASHINGTON AVE,BELLEVILLE,07109,973-336-4968,True,0
1770881559,SIGNATURE HEALTH CARE OF MONTCLAIR LLC,A,2011-03-03,MICHAEL SANTANA,Manager,110 GREENWOOD AVE,MONTCLAIR,07042,973-783-5589,True,0
1144617929,SILVER TIME ADULT DAY HEALTH CARE CENTER LLC,A,2015-04-20,SANDEEP PATEL,Owner,611 MULE RD,TOMS RIVER,08757,908-462-2656,True,0
1437536414,SINAI CENTER FOR REHABILITATION,A,2015-04-29,ELI FRANKEL,partner,65 JAY STREET,NEWARK,07103,917-572-4041,True,0
1821499021,SMARTER LEARNING CENTER,A,2014-09-08,JI SONG,DIRECTOR,440 SYLVAN AVE,ENGLEWOOD CLIFFS,07632,201-869-9700,True,0
1982136636,SOCIAL AFFAIRS,A,2017-03-31,ALEX RIVERO,Director,355 E 35TH ST,PATERSON,07504,201-674-2428,True,0
1831798305,SOUTH BRUNSWICK ADC LLC,A,2020-10-25,VANDANA NAYAK,Asst. Admin,2000 CORNWALL RD STE 500,MONMOUTH JUNCTION,08852,732-673-5679,True,0
1902049380,SOUTH PLAINFIELD DAY CARE,A,2009-04-14,PEARL ABRAHAM,administrator,3000 HADLEY RD,SOUTH PLAINFIELD,07080,908-822-0300,True,0
1639318306,"SPECTRUM FOR LIVING DEVELOPMENT, INC.",A,2009-02-19,CARMINE MARCHIONDA,President/CEO,50 BLANCH AVE,CLOSTER,07624,201-784-9400,True,0
1427452622,"SPEND A DAY, SAGE ELDERCARE, INC",A,2014-10-17,ANGELA SULLIVAN,Interim Executive Director,290 BROAD ST,SUMMIT,07901,908-273-5500,True,0
1174337125,SS DAY CARE LLC,A,2025-02-01,JANAK PATEL,MEMBER,200 MORRISVILLE SQUARE WAY STE 105,MORRISVILLE,27560,731-318-9927,True,0
1316338452,ST. ANN'S ADULT MEDICAL DAY CARE,A,2015-02-11,JANET MERLY-LIRANZO,Administratior,198 OLD BERGEN RD,JERSEY CITY,07305,201-433-0950,True,0
1518203462,ST. JOHN OF GOD COMMUNITY SERVICES,A,2012-12-21,THOMAS OSORIO,Executive Director,1147 DELSEA DRIVE,WESTVILLE GROVE,08093,856-848-4700,False,0
1053058016,STAR ADULT DAY CARE LLC,A,2022-05-19,MICHAEL DUGGER,Administaror,7999 N ROUTE 130,PENNSAUKEN,08110,856-287-7954,True,0
1982268074,STAR CARE SUPPORT SERVICES,A,2019-04-24,STELLA ADJEI,Owner,60 COVENTRY CIR,PISCATAWAY,08854,732-910-9050,False,0
1639623515,STARS ADULT MEDICAL DAY CARE CENTER,A,2016-08-09,MARGARITA SANTIAGO,Owner/Back up Administator,1470 HADDON AVE,CAMDEN,08103,856-203-3548,True,0
1942123906,STARS SAI INC,A,2026-08-04,CHITRA SABAPATHI,Onwer,431 US HIGHWAY 22 E,WHITEHOUSE STATION,08889,856-534-5345,True,0
1457588576,"STERLING ADULT DAY CARE CENTER, LLC",A,2009-06-16,SEJAL DASONDI,Member,120 N CENTER DR,NORTH BRUNSWICK,08902,732-951-2020,True,0
1881819811,STRAIGHT AND NARROW INC,A,2007-04-16,DAVID MACTAS,Executive Director,182 1ST STREET,PASSAIC,07055,973-405-6675,True,0
1083195788,"STRONG TOWER SOCIAL SERVICES, INC",A,2018-08-22,OLUSOLA OLOIDI,Director,341 FISH POND ROAD,GLASSBORO,08028,856-906-4745,True,0
1003958703,SUNFLOWER MEDICAL ADULT DAY CARE,A,2007-02-12,CYNTHIA CHEVAL,Administrator,300 BROADWAY,BAYONNE,07002,201-243-0666,True,0
1720644792,"SUNNY SKIES, INC",A,2019-05-15,GURBIR JOHAL,Owner,88 ROOSEVELT AVE,CARTERET,07008,732-887-2004,True,0
1134421472,SWEET HOME ADC INC. SOCIAL DAYCARE PROGRAM,A,2010-11-18,JOHN DONADIO,administrator,45 E MADISON AVE,CLIFTON,07011,973-478-4200,True,0
1841318482,SWEET HOME ADULT MEDICAL DAY CARE INC,A,2007-03-26,CAROLYN ZAKREVSKY,Administrator,45 E MADISON AVE,CLIFTON,07011,973-478-4200,True,0
1124891437,TAMMY OWENS-DUNMORE,A,2023-10-30,,,15 LESLIE ST,NEWARK,07108,973-444-5906,True,0
1073460838,TCNJ OF ESSEX LLC,A,2026-03-11,ANTYONE AARON AGEDAY,OWNER,81 NORTHFIELD AVE STE 304,WEST ORANGE,07052,862-259-6063,True,0
1982564597,THE AJOE CENTER,A,2025-11-15,AMA BAFFOE,Executive Director,200 MAIN ST,GLEN GARDNER,08826,973-436-4704,False,0
1881721231,THE CLUB AT KENSINGTON COURT,A,2007-02-27,JOHN WOZNISKY,Administrator,864 SHREWSBURY AVE,TINTON FALLS,07724,732-542-8700,True,0
1114253580,THE ELDER CARE ADVOCATE GROUP,A,2009-10-20,MARC BRODY,President,7 ELM ST,WESTFIELD,07090,908-789-2008,True,0
1164561189,THE GALLEN ADULT DAY HEALTH CARE CENTER AT RTHE JEWISH HOME AT HOME,A,2007-02-06,CAROL ELLIOTT,Executive Vice President,10 LINK DR,ROCKLEIGH,07647,201-784-1414,True,0
1881736411,THE GALLERY AT BUCKINGHAM PLACE,A,2007-02-12,ANDREA WEBB,Administrator,155 RAYMOND RD,PRINCETON,08540,732-329-8954,True,0
1851628184,"THE GARDEN ADHC, LLC",A,2009-11-06,DORIS SUAREZ,C.E.O./ Managing Partner,147 MAIN ST,HACKENSACK,07601,201-736-6428,True,0
1982439600,THE GOOD DAYCARE CORP.,A,2024-09-03,JACQUELINE CHI,Owner,16328 NORTHERN BLVD # 2R,FLUSHING,11358,646-575-2912,True,0
1265750269,THE NEWSTEAD PROPERTY GROUP LLC,A,2010-05-14,CORNELIUS & VERSEY MARTIN,President,72 SPEIR DR,SOUTH ORANGE,07079,973-763-3510,True,0
1285778951,"THE NORTH WARD CENTER, INC,",A,2007-02-16,YESSENIA ALVAREZ- VERA,Administrator,288 -298 MOUNT PROSPECT AVE,NEWARK,07104,973-481-6145,True,0
1982448882,THE SCALP PROGRAM LLC,A,2024-06-24,MOSHE ROSENBERG,CEO,413 W SCHOOL HOUSE LN,PHILADELPHIA,19144,973-678-5500,False,0
1194581066,THEIR PLACE INC.,A,2024-02-27,NICOLE APPELLO,Chief Executive Officer,1000 WOODBRIDGE CENTER DR STE 214,WOODBRIDGE,07095,732-360-8065,True,0
1841502226,TOUCHBYFAITH CORP.,A,2010-07-13,TIFFANY HAZZARD,Director,451- 453 COIT STREET,IRVINGTON,07111,908-248-8044,True,0
1205172954,TOWN SQUARE ADULT MEDICAL DAY CARE CENTER INC.,A,2012-12-28,JOAN MARIE GRANATO,Owner,1155 E JERSEY ST,ELIZABETH,07201,908-787-0980,True,0
1427281138,TOWN SQUARE AT AMBER COURT OF ELIZABETH,A,2009-08-27,AARON SINGER,Administrator,1155 E JERSEY ST,ELIZABETH,07201,908-352-9200,True,0
1720110588,"TOWNCO CONSULTANTS, INC",A,2007-03-09,STEVEN GOLDBERG,PRESIDENT,2125 ROUTE 88,BRICK,08724,732-899-1331,True,0
1952433724,"TOWNCO CONSULTANTS, INC",A,2007-03-09,STEVEN GOLDBERG,PRESIDENT,115 GRAWTOWN RD,JACKSON,08527,732-928-9222,True,0
1285101980,TRUCARE ADULT MEDICAL DAY CARE,A,2018-10-31,ATHER USMANI,Owner,111 PAULISON AVENUE,CLIFTON,07011,973-913-5143,True,0
1265186159,TS ADULT ENRICHMENT SERVICES LLC,A,2022-02-09,KEVIN HERMAN,Owner,1930 ROUTE 88,BRICK,08724,732-451-6185,True,0
1053578229,"VANNA ENTERPRISES, LLC",A,2008-05-16,BERNADETTE PECHILIO,Managing Director,225 N CENTER DR,NORTH BRUNSWICK,08902,732-296-1119,True,0
1124260260,"VANNA ENTERPRISES, LLC",A,2009-04-06,BERNADETTE PECHILIO,Managing Director,4 DRAKE RD,SOMERSET,08873,732-809-7214,True,0
1770200024,VASANT KHARADI,A,2022-10-26,,,1 FEILER CT,LAWRENCE TWP,08648,609-802-4670,True,0
1396194536,VATSALYA ADULT DAY CARE,A,2016-06-08,BHAVIN MEHTA,OWNER,1412 STELTON RD UNIT 6-10,PISCATAWAY,08854,718-971-3016,True,0
1629490453,VCARE ADULT CENTER LLC,A,2014-01-14,KAILASH GUPTA,Consultant,121 ETHEL RD W,PISCATAWAY,08854,908-812-5079,True,0
1730776451,VCARE NJ HOLDINGS LLC,A,2020-12-29,YOGESH DORAWALA,COO,121 ETHEL RD W,PISCATAWAY,08854,732-640-0455,True,0
1851721708,VICTORIAN GARDEN ADULT DAY CENTER,A,2013-11-13,PHYLLIS FLEMMING,Owner/Executive Director,353 MAIN ST,CHATHAM,07928,973-635-2266,True,0
1790630200,VILLAGE CARE SERVICES LLC,A,2026-03-02,JAMEE RUDDY,Owner,786 S MAPLE AVE,GLEN ROCK,07452,856-390-5357,False,0
1144714080,VILLAGE DRIVE HEALTHCARE URBAN RENEWAL LLC,A,2018-06-14,DREW BARILE,CEO,1125 VILLAGE DR,MILLVILLE,08332,732-403-3151,False,0
1083778880,VISITING NURSE ASSOCIATION OF NORTHERN NEW JERSEY AFFILIATED HEALTH SE,A,2006-12-19,FAITH SCOTT,President/CEO,175 SOUTH STREET,MORRISTOWN,07960,973-539-1216,True,0
1649857186,VIVION BAMBARA,A,2021-03-29,,,101 E GIBBSBORO RD APT 1611,LINDENWOLD,08021,346-262-7732,False,0
1770708794,WE CARE ADULT CARE INC.,A,2007-04-16,AMRISH BHIMANI,Owner,552 A HIGHWAY 35,RED BANK,07701,732-741-7363,True,0
1700524097,WELLSPRING ADULT DAY SERVICES CORP.,A,2022-05-25,USHER SCHWARTZ,CEO,399 HOES LN,PISCATAWAY,08854,917-588-2081,True,0
1316431190,WHITE HORSE ALR LLC,A,2018-06-15,DREW BARILE,CEO,308 S WHITE HORSE PIKE,HAMMONTON,08037,732-403-3151,False,0
1316597677,WHITE HORSE HMT URBAN RENEWAL LLC,A,2019-09-18,DREW BARILE,Member,308 S WHITE HORSE PIKE,HAMMONTON,08037,732-403-3151,False,0
1528059656,"WILEY CHRISTIAN ADULT DAY SERVICES, INC.",A,2005-10-28,GARY GILMORE,CEO,6103 WESTFIELD AVE,PENNSAUKEN,08110,856-486-9737,True,0
1205673019,XL VICTORIA ADULT DAYCARE,A,2024-07-09,MUHAMMAD SHAHERYAR,President,323 N BROAD ST,ELIZABETH,07208,862-262-9701,True,0
1104598374,ZINNIA ABA LLC,A,2021-10-05,GILBERT YATES,Contract Manager,3822 CAMPUS DR STE 500,NEWPORT BEACH,92660,877-262-7803,True,2
1164189965,ZINNIA ABA LLC,A,2021-11-29,CATHERINE BUCHEGER,Billing Manager,3 CORBETT WAY,EATONTOWN,07724,657-304-0103,True,0
