license_no,facility_type,licensed_name,dba_alpha_name,address,city,zip,county,phone,fax,email,license_expires,licensed_slots,administrator,licensed_owner,owner_address,owner_city_state_zip,owner_type,npi_matches,npi_authorized_official,lat,lng
AD01001,ADULT DAY HEALTH SERVICES FACILITY,ACTIVE DAY OF PLEASANTVILLE (NJAD01001),"SENIOR CARE CENTER OF AMERICA, INC.",750 WEST DELILAH ROAD,PLEASANTVILLE,08232,ATLANTIC,(215) 642-6600,0,pleasantville@activeday.com,2026-12-31,120,Deborah Zalot,"Senior Care Center Of America, Inc.",,", -",,,,39.41145350,-74.52792700
25502,ADULT DAY HEALTH SERVICES FACILITY,GALLOWAY ADULT DAY CARE CENTER (NJ25502),Galloway ADC LLC,"76 WEST PARK CENTER, SUITE 505",GALLOWAY TOWNSHIP,08205,ATLANTIC,(609) 337-6300,0,0,2027-03-31,112,Vandana Nayak,Galloway Adc Llc,,", -",,,,0,0
018253,ADULT DAY HEALTH SERVICES FACILITY,GOLDEN HEART ADULT DAY CARE INC (NJ018253),"GOLDEN HEART ADULT DAY CARE, INC.",101 SHORE ROAD,SOMERS POINT,08244,ATLANTIC,(609) 788-0067,(609) 788-0068,Administrator@goldenheartdaycare.com,2027-06-30,97,Palak Patel,"Golden Heart Adult Day Care, Inc.",101 Shore Road,"Somers Point, NJ - 08244",CORPORATION - FOR PROFIT,,,39.32679270,-74.58600770
NE6M6S,ADULT DAY HEALTH SERVICES FACILITY,PRESTIGE OF NORTHFIELD AMDC (NJNE6M6S),"PRESTIGE OF NORTHFIELD AMDC, LLC",331 TILTON ROAD,NORTHFIELD,08225,ATLANTIC,(609) 383-3313,(609) 383-1600,isaac@prestigeamdc.org,2027-07-31,150,Yehuda Shain,Atlantic Adult Day Health Care Llc,1781 Woodlynne Avenue,"Edison, NJ - 08820",PROFIT - LLC,,,39.38559580,-74.55475000
02013,ADULT DAY HEALTH SERVICES FACILITY,"ATMIYA ADULT DAY CARE, LLC (NJ02013)","ATMIYA ADULT DAY CARE, LLC","109 MIDLAND AVENUE, STE B",ELMWOOD PARK,07407,BERGEN,(201) 509-8870,(201) 509-8564,info@atmiyaadultcare.com,2027-09-30,120,Jayant Patel,"Atmiya Adult Day Care, Llc",109-B Midland Avenue,"Elmwood Park, NJ - 07407",,,,40.89452030,-74.10415870
02025,ADULT DAY HEALTH SERVICES FACILITY,BERGEN ADULT DAY CARE INC (NJ02025),BERGEN ADULT DAY CARE INC.,139 E CENTRAL BLVD,PALISADES PARK,07650,BERGEN,(201) 907-4680,(201) 371-7068,badc139@gmail.com,2027-02-28,60,Miriam Moncayo,Bergen Adult Day Care Inc.,139 E. Central Blvd.,"Palisades Park, NJ - 07650",CORPORATION - FOR PROFIT,1417428335,CHLOE LEE (PRESIDENT),40.84567400,-73.99257560
10201AD,HOSPITAL BASED - ADULT DAY HEALTH SERVICES,BERGEN NEW BRIDGE MEDICAL CENTER DAY HEALTH CENTER (NJ10201),BERGEN COUNTY IMPROVEMENT AUTHORITY,230 EAST RIDGEWOOD AVENUE,PARAMUS,07652,BERGEN,(201) 967-4000,(201) 967-4326,krichardson@newbridgehealth.org,2027-09-30,20,Ms Kathryn Richardson,Bergen County Improvement Authority,327 E Ridgewood Avenue,"Paramus, NJ - 07652",GOVERNMENT - COUNTY,,,40.95689150,-74.06308340
YT613N,ADULT DAY HEALTH SERVICES FACILITY,BROADWAY ADULT DAY CARE (YT613N),JUST HOME INC.,24-20 BROADWAY,FAIR LAWN,07410,BERGEN,(201) 797-1177,(201) 796-3344,iouri.mitchenko@jhcare.com,2027-04-30,260,Mr Iouri Mitchenko,Just Home Inc.,24-20 Broadway,"Fair Lawn, NJ - 07410",PROFIT - LLC,1417095324,ERROL SELTZER (Administrator),40.92260920,-74.11050710
02030,ADULT DAY HEALTH SERVICES FACILITY,CAREWAY MEDICAL DAY CARE CORP (NJ02030),CAREWAY MEDICAL DAY CARE CORP.,511 MOLA BOULEVARD,ELMWOOD PARK,07407,BERGEN,(917) 734-7430,(201) 773-0780,ADMINISTRATOR@CAREWAYAMDC.COM,2027-03-31,160,Ms Zhanna Alergant,Careway Medical Day Care Corp.,511 Mola Boulevard,"Elmwood Park, NJ - 07407",,,,40.90047960,-74.11495760
T2TMR2,ADULT DAY HEALTH SERVICES in a LONG-TERM CARE FACILITY,GALLEN ADULT DAY HEALTH CARE CTR AT THE JEWISH HOM (NJT2TMR2),JEWISH HOME AT ROCKLEIGH,10 LINK DRIVE,ROCKLEIGH,07647,BERGEN,(201) 784-1414,(201) 750-4257,cvannucci@jewishhomefamily.org,2023-11-30,55,Ms Charlene Vannucci,Jewish Home At Rockleigh,10 Link Drive,"Rockleigh, NJ - 07647",CORPORATION - NONPROFIT,,,41.00713460,-73.93249180
02015,ADULT DAY HEALTH SERVICES FACILITY,GOLDEN ADULT DAY CARE (NJ02015),GOLDEN ADULT DAY CARE INC.,53-57 WEST FORT LEE ROAD,BOGOTA,07603,BERGEN,(201) 457-1007,(201) 457-1005,goldenadultdaycare@gmail.com,2026-11-30,220,Ms Elizabeth Hall,Golden Adult Day Care Inc.,53-57 West Fort Lee Road,"Bogota, NJ - 07603",PROFIT - LLC,1568846616,EUNICE PARK (Owner),40.87656760,-74.03030340
02007,ADULT DAY HEALTH SERVICES FACILITY,GOOD SHEPARD ADULT DAY CARE LLC (NJ02007),GOOD SHEPARD ADULT DAY CARE LLC,725 VALLEY BROOK AVENUE,LYNDHURST,07071,BERGEN,(201) 933-0711,(201) 933-0611,ragaewassef@yahoo.com,2027-05-31,120,Ylliny Suarez,Good Shepard Adult Day Care Llc,725 Valley Brook Avenue,"Lyndhurst, NJ - 07071",PROFIT - PARTNERSHIP,,,40.80632880,-74.11422350
58100,ADULT DAY HEALTH SERVICES FACILITY,"LONG LIFE ADULT DAYCARE, LLC (NJ58100)","LONG LIFE ADULT DAY CARE, LLC","596 ANDERSON AVENUE, SUITE 110",CLIFFSIDE PARK,07010,BERGEN,(201) 943-7111,(201) 943-8859,efmanella@gmail.com,2026-12-31,80,Ms Ella Efman,"Long Life Adult Day Care, Llc",596 Anderson Avenue Suite 110,"Cliffside Park, NJ - 07010",PROFIT - LLC,,,40.82423910,-73.98805330
AD0210,ADULT DAY HEALTH SERVICES FACILITY,MAGNOLIA ADULT DAY CARE (NJAD0210),MAGNOLIA ADULT DAY CARE LLC,2300 3RD STREET,FORT LEE,07024,BERGEN,(201) 482-4500,(201) 429-2950,lucy2300third@gmail.com,2027-06-30,150,Ms Lucinda Avlonits,Magnolia Adult Day Care Llc,2300 3Rd Street,"Fort Lee, NJ - 07024",,,,40.86274100,-73.96441140
02006,ADULT DAY HEALTH SERVICES FACILITY,MY HOME ADULT DAY CARE CENTER INC (NJ02006),"MY HOME ADULT DAY CARE CENTER, INC",37 BROOK AVENUE,MAYWOOD,07607,BERGEN,(201) 291-8811,(201) 291-8833,jkabaria@myhomeadc.com,2027-09-30,200,Ms Melissa Frisoli,"My Home Adult Day Care Center, Inc",37 Brook Avenue,"Maywood, NJ - 07607",CORPORATION - FOR PROFIT,,,40.90325640,-74.06939200
02009,ADULT DAY HEALTH SERVICES FACILITY,NEW JERSEY ADULT MEDICAL DAY CARE INC (NJ02009),"NEW JERSEY ADULT MEDICAL DAY CARE, INC","105 CHALLENGER ROAD, 6TH FLOOR",RIDGEFIELD PARK,07660,BERGEN,(201) 773-9090,(201) 773-9088,futurefocusconsultants@gmail.com,2027-06-30,200,Aakash Agarwal,"New Jersey Adult Medical Day Care Center Iii, Inc",22-08 Route 208 South,"Fair Lawn, NJ - 07410",CORPORATION - FOR PROFIT,,,40.85252160,-74.01137520
I5W32J,ADULT DAY HEALTH SERVICES FACILITY,NEW LIFE ADULT MEDICAL DAY CARE (NJI5W32J),"BERGEN COUNTY ADULT DAY CARE, LLC",340 EVELYN STREET,PARAMUS,07652,BERGEN,(201) 265-0606,(201) 265-0630,SAVAN@NEWLIFEADC.COM,2026-11-30,200,Savan Patel,"Bergen County Adult Day Care, Llc",340 Evelyn Street,"Paramus, NJ - 07652",PROFIT - LLC,,,40.94503890,-74.06952970
080321,ADULT DAY HEALTH SERVICES FACILITY,NORTHERN VALLEY ADULT DAY HEAL (NJ80321),VANTAGE HEALTH SYSTEM,2 PARK AVENUE,DUMONT,07628,BERGEN,(201) 385-4400,(201) 384-7067,infor@vantagenj.org,2027-07-31,22,Sulie Rosario,Vantage Health System,2 Park Avenue,"Dumont, NJ - 07628",CORPORATION - NONPROFIT,,,40.93919030,-73.99617960
02028,ADULT DAY HEALTH SERVICES FACILITY,OUR HOME ADULT DAY CARE (NJ02028),"OUR HOME ADULT DAY CARE, LLC",475 GRAND AVENUE,ENGLEWOOD,07631,BERGEN,(201) 731-3636,(201) 431-9762,cheegap@gmail.com,2026-10-31,165,Eunyoung Choi,"Our Home Adult Day Care, Llc",475 Grand Avenue,"Englewood, NJ - 07631",PROFIT - LLC,,,40.87801240,-73.98144190
02019,ADULT DAY HEALTH SERVICES FACILITY,PEACEFUL ADULT DAY CARE CENTER (NJ02019),JAY SHREE KRISHNA LITTLE FERRY LLC,"101 INDUSTRIAL AVENUE, SUITE C & B",LITTLE FERRY,07643,BERGEN,(201) 870-6265,(201) 870-6263,nitakpanchal@yahoo.com,2027-03-31,210,Nita Panchal,Jay Shree Krishna Little Ferry Llc,"101 Industrial Avenue, Suite #C","Little Ferry, NJ - 07643",,,,0,0
058110,ADULT DAY HEALTH SERVICES FACILITY,SUNSHINE ADULT DAY HEALTH CARE CENTER (NJ58110),"FIRST HEALTHCARE BERGENFIELD, LLC",16 N. WASHINGTON AVENUE,BERGENFIELD,07621,BERGEN,(201) 387-8500,(201) 387-0300,bp@firsthc.com,2027-03-31,120,Mr Steven Edelstein,"First Healthcare Bergenfield, Llc",4557 Route 9 North,"Howell, NJ - 07731",PROFIT - LLC,,,40.92833930,-73.99614860
108100,ADULT DAY HEALTH SERVICES FACILITY,ACTIVE DAY OF DELRAN (NJ108100),"SENIOR CARE CENTERS OF AMERICA, INC.",8008 US ROUTE 130,DELRAN,08075,BURLINGTON,(856) 461-1700,0,DELRAN@ACTIVEDAY.COM,2026-11-30,112,Stan Dervech,"Senior Care Centers Of America, Inc.","6 Neshaminy Interplex, Suite 401","Trevose, PA - 19053",CORPORATION - FOR PROFIT,,,40.02340940,-74.93804820
158100,ADULT DAY HEALTH SERVICES FACILITY,ACTIVE DAY OF MARLTON (NJ158100),"SENIOR CARE CENTERS OF AMERICA, INC.",556A LIPPINCOTT DRIVE,MARLTON,08053,BURLINGTON,(856) 988-3250,0,MARLTON@ACTIVEDAY.COM,2026-11-30,135,Diana Sanchez,"Senior Care Centers Of America, Inc.","6 Neshaminy Interplex, Suite 401","Trevose, PA - 19053",CORPORATION - FOR PROFIT,,,39.88134000,-74.92474870
080125,ADULT DAY HEALTH SERVICES FACILITY,BRIGHT ADULT MEDICAL DAY CARE (NJ80125),"BRIGHT ADULT MEDICAL DAY CARE, LLC",352 BEVERLY RANCOCAS RD,WILLINGBORO,08046,BURLINGTON,(609) 871-8881,(609) 543-2378,davidg@brightadc.com,2027-03-31,80,Stevie Stevenson,"Bright Adult Medical Day Care, Llc","150 Airport Road, Suite 1200","Lakewood, NJ - 08701",,1972638476;1477060184;1902396518,JAMES BAESZLER (MIS);SUSAN VERNACCHIO (controller);DAVID GESTETNER (CEO),40.02672970,-74.90604060
QGEVMS,ADULT DAY HEALTH SERVICES FACILITY,PRESTIGE OF MARLTON AMDC (QGEVMS),"PRESTIGE OF MARLTON AMDC, LLC",14000 SAGEMORE DRIVE,MARLTON,08053,BURLINGTON,(856) 988-9001,(856) 988-9220,mayya@prestigeamdc.org,2026-11-30,140,Ms Mayya Birbrayer,"Golden Age Excell, L.L.C.","14000 Sagemore Drive, #301","Marlton, NJ - 08053",PROFIT - LLC,,,39.87238120,-74.91932440
80471,ADULT DAY HEALTH SERVICES FACILITY,ACTIVE DAY OF CAMDEN (NJ80471),"SENIOR CARE CENTERS OF AMERICA, INC.","1000 ATLANTIC AVENUE, SUITE 110",CAMDEN,08104,CAMDEN,(856) 246-3350,0,CAMDEN@ACTIVEDAY.COM,2026-11-30,100,Adaliza Rodriquez,"Senior Care Centers Of America, Inc.","6 Neshaminy Interplex, Suite 401","Trevose, PA - 19053",CORPORATION - FOR PROFIT,,,39.92844710,-75.10819820
04008,ADULT DAY HEALTH SERVICES FACILITY,"ALLIANCE AMDC, LLC (NJ04008)","ALLIANCE AMDC, LLC",607 S WHITEHORSE PIKE,AUDUBON,08106,CAMDEN,(856) 617-6396,(856) 617-0817,jkaur.aamdc@gmail.com,2027-03-31,83,Ms Yeidy Marrero,"Alliance Amdc, Llc",607 S White Horse Pike,"Audubon, NJ - 08106",,1134565567,PAUL FIRETTO (Office Manager),39.88888900,-75.06287010
158224,ADULT DAY HEALTH SERVICES FACILITY,GENERATIONS PLUS (NJ158224),"WELLSPRINGS FOR SENIORS, LLC","7905 BROWNING ROAD, SUITE 220-222",PENNSAUKEN,08109,CAMDEN,(856) 317-1910,0,mculang@generations-plus.com,2027-03-31,190,Moshe Culang,"Wellsprings For Seniors, Llc",1116 Somerset Avenue,"Lakewood, NJ - 08701",PROFIT - LLC,,,39.92793480,-75.07318590
158331,ADULT DAY HEALTH SERVICES FACILITY,PRESTIGE AMDC (NJ158331),"HEALTHCARE PROVIDERS, LLC","53 HADDONFIELD ROAD, SUITE 312",CHERRY HILL,08002,CAMDEN,(856) 414-9400,(856) 414-6190,charles@prestigeamdc.org,2027-04-30,190,Mr Charles Steinharter,"Healthcare Providers, Llc",771 Marlin Avenue,"Lakewood, NJ - 08701",,,,39.94748510,-75.02414980
04017,ADULT DAY HEALTH SERVICES FACILITY,RADHA ADULT DAYCARE LLC (NJ04017),RADHA ADULT DAYCARE LLC,316 BLACKHORSE PIKE,GLENDORA,08029,CAMDEN,(856) 906-7201,(732) 960-2360,kdpatel6@gmail.com,2027-03-31,80,Kiritkumar Patel,Radha Adult Daycare Llc,"330 Blackhorse Pike, Unit B","Glendora, NJ - 08029",,,,39.83714240,-75.06727180
04016,ADULT DAY HEALTH SERVICES FACILITY,STARS ADULT MEDICAL DAY CARE CENTER (NJ04016),"STARS ADULT MEDICAL DAY CARE CENTER, LLC",1470 HADDON AVENUE,CAMDEN,08103,CAMDEN,(856) 203-3548,(856) 203-3582,Margarita@starsamdc.com,2027-07-31,107,Ms Maragarita Santiago,"Stars Adult Medical Day Care Center, Llc",1470 Haddon Avenue,"Ca Mden, NJ - 08103",,,,39.92905200,-75.09833380
208220,ADULT DAY HEALTH SERVICES FACILITY,ACTIVE DAY OF CAPE MAY COUNTY (NJ208220),"SENIOR CARE CENTERS OF AMERICA, INC.",211 SOUTH MAIN STREET,CAPE MAY COURT HOUSE,08210,CAPE MAY,(609) 465-8840,(609) 465-8841,CAPEMAY@ACTIVEDAY.COM,2026-11-30,90,-,"Senior Care Centers Of America, Inc.","6 Neshaminy Interplex, Suite 401","Trevose, PA - 19053",CORPORATION - FOR PROFIT,,,39.07915160,-74.82603900
83002,ADULT DAY HEALTH SERVICES FACILITY,ACTIVE DAY OF BRIDGETON (NJ83002),"SENIOR CARE CENTERS OF AMERICA, INC.",1137 HIGHWAY 77,UPPER DEERFIELD TOWN,08302,CUMBERLAND,(856) 451-7227,(856) 451-4102,BRIDGETON@ACTIVEDAY.COM,2026-11-30,160,Debra Springer,"Senior Care Centers Of America, Inc.","6 Neshaminy Interplex, Suite 401","Trevose, PA - 19053",CORPORATION - FOR PROFIT,1699073866,DEBORA HOCKENBURY (Contracts Manager),39.47135040,-75.20619830
080670,ADULT DAY HEALTH SERVICES FACILITY,ACTIVE DAY OF VINELAND (NJ80670),"SENIOR CARE CENTERS OF AMERICA, INC.",2695 SOUTH LINCOLN AVENUE,VINELAND,08361,CUMBERLAND,(856) 691-3756,0,VINELAND@ACTIVEDAY.COM,2026-11-30,100,Kathy Beckett,"Senior Care Centers Of America, Inc.","6 Neshaminy Interplex, Suite 401","Trevose, PA - 19053",CORPORATION - FOR PROFIT,,,39.44564420,-74.99836070
080671,ADULT DAY HEALTH SERVICES FACILITY,COMMUNITY MEDICAL DAY CARE CEN (NJ80671),"COMMUNITY PROGRAMS, INC.",423 W LANDIS AVE,VINELAND,08360,CUMBERLAND,(856) 696-4442,(856) 696-8276,lcarlin531@comcast.net,2027-02-28,125,Mr Lawrence Carlin,"Community Programs, Inc.",423 Landis Avenue,"Vineland, NJ - 08360",CORPORATION - FOR PROFIT,1497892400,LAWRENCE CARLIN (President),39.48593770,-75.02748160
06002,ADULT DAY HEALTH SERVICES FACILITY,JOY OF LIFE ADULT DAY CARE CENTER (NJ06002),"JOY OF LIFE ADULT DAY CARE CENTER, LLC",1751 NORTH SECOND STREET,Millville,08332,CUMBERLAND,(856) 440-5990,(856) 440-5987,millvilleadc@gmail.com,2027-09-30,134,Mr Ketan Shah,"Joy Of Life Adult Day Care Center, Llc",71 Heather Lane,"Colonia, NJ - 07067",PROFIT - LLC,1487011821,KETAN SHAH (Member),39.41656090,-75.03788710
308113,ADULT DAY HEALTH SERVICES FACILITY,2ND HOME EAST ORANGE (NJ308113),2ND HOME EAST ORANGE LLC,115 EVERGREEN PLACE,EAST ORANGE,07018,ESSEX,(973) 676-2600,(973) 676-2800,dionne@2ndhome.org,2027-03-31,150,Jay Shain,2Nd Home East Orange Llc,"25 E Salem St, Suite 500","Hackensack, NJ - 07601",PROFIT - LLC,1922133537,STEVEN FROHLICH (Administrator),40.76213630,-74.22238050
308116,ADULT DAY HEALTH SERVICES FACILITY,"2ND HOME NEWARK OPERATIONS, LLC (NJ308116)","2ND HOME NEWARK OPERATIONS, LLC",717-727 BROADWAY,NEWARK,07104,ESSEX,(973) 268-1212,(973) 268-1016,yana@2ndhome.org,2027-02-28,240,Ms Yana Bojadschijew,"2Nd Home Newark Operations, Llc","25 E Salem Street, Suite 500","Hackensack, NJ - 07601",PROFIT - LLC,,,40.77440160,-74.15918680
308117,ADULT DAY HEALTH SERVICES FACILITY,"2ND HOME ORANGE OPERATIONS, LLC (NJ308117)",PREMIER OF ORANGE LLC,37 NORTH DAY STREET,ORANGE,07050,ESSEX,(973) 395-0555,(973) 395-8279,rocio@2ndhome.org,2027-06-30,110,Sam Ollech,Premier Of Orange Llc,37 North Day Street,"Orange, NJ - 07050",PROFIT - LLC,,,40.77347160,-74.22944200
308114,ADULT DAY HEALTH SERVICES FACILITY,BELLEVILLE SENIOR SERVICES (NJ308114),"BELLEVILLE SENIOR SERVICES, LLC",518 WASHINGTON AVENUE,BELLEVILLE,07109,ESSEX,(973) 751-6000,(973) 751-1190,bssgtb@gmail.com,2027-06-30,110,Mr Gaetano Buttitta,"Belleville Senior Services, Llc",42 Howe Avenue,"Wayne, NJ - 07470",PROFIT - LLC,,,40.79828080,-74.14753050
07020,ADULT DAY HEALTH SERVICES FACILITY,CIRCLE OF LIFE AT BELLEVILLE ADULT DAY CENTER (NJ07020),ELDERCARE OF BELLEVILLE LLC,250 MILL STREET,BELLEVILLE,07109,ESSEX,(973) 751-7600,0,admin@adultdaycarenj.com,2026-12-31,88,Geera Nijhawan,Eldercare Of Belleville Llc,250 Mill Street,"Belleville, NJ - 07109",PROFIT - LLC,,,40.78472080,-74.16038800
308336,ADULT DAY HEALTH SERVICES FACILITY,GOODLIFE ADULT DAY CARE (NJ308336),"APOLLO HEALTHCARE, LLC",515 NORTH ARLINGTON AVENUE,EAST ORANGE,07017,ESSEX,(973) 674-5100,(973) 674-6300,admin@goodlifedaycare.com,2027-02-28,125,Mr Paul Preston,"Apollo Healthcare, Llc",485 River Avenue,"Lakewood, NJ - 08701",PROFIT - LLC,,,40.77656200,-74.19885980
082453,ADULT DAY HEALTH SERVICES FACILITY,HAPPY DAYS ADULT DAY HEALTH CARE (NJ82453),HAPPY DAYS HEALTHCARE LLC,67 SO MUNN AVE,EAST ORANGE,07018,ESSEX,(973) 678-0755,(732) 905-0944,bk@happydayshealthcare.com,2026-10-31,50,Ms Maria Ortiz,Happy Days Healthcare Llc,1153 Buckwald Court,"Lakewood, NJ - 08701",PROFIT - LLC,,,40.75647950,-74.22086730
308100,ADULT DAY HEALTH SERVICES FACILITY,HAPPY DAYS I I ADULT DAY HEALTH (NJ308100),HAPPY DAYS II ADULT MEDICAL DAY,1060 BROAD STREET,NEWARK,07102,ESSEX,(973) 643-3500,0,bk@happydayshealthcare.com,2027-07-31,96,Ms Roylice Brack,Happy Days Ii Adult Medical Day,1153 Buckwald Court,"Lakewood, NJ - 08701",PROFIT - LLC,,,40.73507470,-74.17390570
07025,ADULT DAY HEALTH SERVICES FACILITY,HERITAGE ADULT ENRICHMENT CENTER (NJ07025),"HERITAGE ADULT ENRICHMENT CENTE, LLC",440 WASHINGTON STREET,ORANGE,07050,ESSEX,(973) 677-2273,(862) 233-6450,rmalts68@aol.com,2025-02-28,0,Ms Renee Malts,"Heritage Adult Enrichment Cente, Llc",335 S. Pine Avenue,"Maple Shade, NJ - 08052",,,,40.78419310,-74.22714940
308120,ADULT DAY HEALTH SERVICES FACILITY,HOME AWAY FROM HOME ADULT DAY CARE CENTER OF NUT (NJ308120),"ESSEX MEDICAL DAY CARE, LLC",263 HILLSIDE AVENUE,NUTLEY,07110,ESSEX,(973) 662-9191,(973) 662-1112,hmo@njadultdaycare.com,2026-11-30,140,Mr Roman Rubin,"Essex Medical Day Care, Llc",781 Oneida Trail,"Franklin Lakes, NJ - 07417",PROFIT - LLC,,,40.82756920,-74.15384050
07024,ADULT DAY HEALTH SERVICES FACILITY,IRVINGTON ADULT DAY CARE CENTER (NJ07024),IRVINGTON ADULT DAY CARE CENTER LLC,62-70 HOWARD STREET,IRVINGTON,07111,ESSEX,(201) 803-3072,0,IRVINGTONADC@GMAIL.COM,2027-07-31,200,Ms Alpa Mehta,Irvington Adult Day Care Center Llc,62-70 Howard Street,"Irvington, NJ - 07111",,1548737240,KAILASH GUPTA (Consultant),40.72336340,-74.22692110
02005,ADULT DAY HEALTH SERVICES FACILITY,NEW JERSEY ADULT MEDICAL DAY CARE INC (NJ20005),"NEW JERSEY ADULT MEDICAL DAY CARE, INC",290 CHESTNUT STREET,NEWARK,07105,ESSEX,(973) 578-2815,(973) 589-0386,futurefocusconsultants@gmail.com,2026-11-30,140,Linda Lastella,"New Jersey Adult Medical Day Care, Inc",22-08 Route 208 South,"Fair Lawn, NJ - 07410",,1548689086,JOAN MARIE GRANATO (Owner),40.72284940,-74.16324970
YG153X,ADULT DAY HEALTH SERVICES FACILITY,"NORTH WARD CENTER, THE (NJYG153X)","THE NORTH WARD CENTER, INC.",288 298 MT PROSPECT AVENUE,NEWARK,07104,ESSEX,(973) 481-6145,(973) 481-1573,ngriffith@northwardcenter.org,2027-09-30,120,Ms Rosangela Petinati,"The North Ward Center, Inc.",346 Mt Prospect Avenue,"Newark, NJ - 07104",CORPORATION - NONPROFIT,,,40.76165390,-74.17321460
07033,ADULT DAY HEALTH SERVICES FACILITY,NUTLEY ADULT DAY CARE CENTER INC (NJ07033),NUTLEY ADULT DAY CARE CENTER INC,357-361 HARRISON STREET,NUTLEY,07110,ESSEX,(551) 689-6100,0,maliks121@yahoo.com,2026-11-30,25,Elibeth Guzman,Nutley Adult Day Care Center Inc,"353 Liberty Avenue, 1St Floor","Jersey City, NJ - 07307",PROFIT - LLC,,,40.81459500,-74.17264440
308335,ADULT DAY HEALTH SERVICES in a LONG-TERM CARE FACILITY,"OASIS AT SINAI ADULT MEDICAL DAY CARE, THE (NJ308335)",SINAI CENTER FOR REHABILITATION AND HEALTHCARE LLC,65 JAY STREET,NEWARK,07103,ESSEX,(973) 483-6800,(973) 483-8140,rmentore@sinaipostacutecare.com,2023-12-31,75,Ms Rhonda Mentore,Sinai Center For Rehabilitation And Healthcare Llc,65 Jay Street,"Newark, NJ - 07102",PROFIT - LLC,1437536414,ELI FRANKEL (partner),40.74714320,-74.18367510
308119,ADULT DAY HEALTH SERVICES FACILITY,SIGNATURE MEDICAL DAY CARE OF MONTCLAIR (NJ308119),"FREEHOLD MONTCLAIR HEALTHCARE, LLC",110 GREENWOOD AVENUE,MONTCLAIR,07042,ESSEX,(973) 783-5589,(973) 783-3711,administrator@seniorcarecenternj.org,2027-08-31,170,Mr Vishnu Patel,"Freehold Montclair Healthcare, Llc","40 Vreeland Avenue,Ste 107","Totowa, NJ - 07512",,,,40.81647670,-74.21073310
358100,ADULT DAY HEALTH SERVICES FACILITY,ACTIVE DAY OF WASHINGTON TOWN (NJ358100),"SENIOR CARE CENTERS OF AMERICA, INC.",123 EGG HARBOR ROAD,SEWELL,08080,GLOUCESTER,(856) 227-1377,0,WASHINGTONTWP@ACTIVEDAY.COM,2026-11-30,110,Ms Tricia Dilisciandro,"Senior Care Centers Of America, Inc.","6 Neshaminy Interplex, Suite 401","Trevose, PA - 19053",CORPORATION - FOR PROFIT,,,39.78092090,-75.10089930
83014,ADULT DAY HEALTH SERVICES FACILITY,COMMUNICARE ADULT DAY HEALTH C (NJ83014),"COMMUNICARE ADULT DAY CENTER, INC.",309 FRIES MILL ROAD,SEWELL,08080,GLOUCESTER,(856) 589-7723,(856) 589-9835,commjdcare@aol.com,2027-05-31,80,Ms Elissa D'Alleva,"Communicare Adult Day Center, Inc.",309 Fries Mill Road,"Sewell, NJ - 08080",CORPORATION - FOR PROFIT,,,39.72334360,-75.05217090
QX8PC0,ADULT DAY HEALTH SERVICES FACILITY,EVERGREEN COURT ADULT DAY SERV (NJQX8PC0),"CARECONNECTION, INC.",551 N EVERGREEN AVENUE,WOODBURY,08096,GLOUCESTER,(856) 845-1976,(856) 845-3743,evergreencourtnj@gmail.com,2026-10-31,50,Ms Nadine Sibila,"Careconnection, Inc.",227 Alvine Road,"Pittsgrove, NJ - 08318",CORPORATION - FOR PROFIT,,,39.84330650,-75.14467650
08002,ADULT DAY HEALTH SERVICES FACILITY,HOME SWEET HOME ADULT MEDICAL DAY CARE (NJ08002),"HSH HOLDING, LLC","860 ROUTE 168, SUITE 100",TURNERSVILLE,08012,GLOUCESTER,(856) 481-4066,(856) 481-4068,homesweethomeamdc@icloud.com,2027-01-31,40,Nida Hasan,"Hsh Holding, Llc","860 Route 163, Suite 100","Turnersville, NJ - 08012",PROFIT - LLC,1609010792;1760700116;1770990400,PAULA BOYD (Administrator);MARIANNE DELUCA (Director of Nursing/Owner);PAUL WRIGHT (OWNER),39.77772860,-75.05222780
08011,ADULT DAY HEALTH SERVICES FACILITY,SUNRISE ADULT DAY CARE (NJ08011),"SEWELL SENIOR CITIZEN CENTER, LLC","475 HURFFVILLE-CROSS KEYS ROAD, SUITE 12/13",SEWELL,08080,GLOUCESTER,(732) 284-6020,0,sewelladultdaycare@gmail.com,2027-02-28,138,Joanna Rosario,"Sewell Senior Citizen Center, Llc",475 Hurffville-Cross Keys Road,"Sewell, NJ - 08080",,,,39.73952690,-75.07224810
408111,ADULT DAY HEALTH SERVICES FACILITY,"2ND HOME UNION CITY, LLC (NJ408111)","2ND HOME UNION CITY OPERATIONS, LLC",3610 PALISADES AVENUE,UNION CITY,07087,HUDSON,(201) 864-0400,(201) 864-6833,Veronica@2ndhome.org,2027-01-31,120,Ms Veronica Lopez,"2Nd Home Union City Operations, Llc",25 E Salem Street Suite 500,"Hackensack, NJ - 07601",PROFIT - LLC,,,40.77329760,-74.02478550
L9N0H7,ADULT DAY HEALTH SERVICES FACILITY,ACTIVE DAY OF NORTH BERGEN (L9NOH7),"SENIOR CARE CENTERS OF AMERICA, INC.",6201 GRAND AVENUE,NORTH BERGEN,07047,HUDSON,(201) 869-4443,(201) 869-0814,northbergen@activeday.com,2027-06-30,100,Jenny Novoa,"Senior Care Centers Of America, Inc.","6 Neshaminy Interplex, Suite 401","Trevose, PA - 19053",CORPORATION - FOR PROFIT,,,40.79496840,-74.02257540
408112,ADULT DAY HEALTH SERVICES FACILITY,ADULTCARE ADULT DAY CARE (NJ408112),"ADULTCARE, INC.",1607 MANHATTAN AVENUE,UNION CITY,07087,HUDSON,(201) 864-5400,(201) 864-1512,carzak@gmail.com,2026-12-31,89,Ms Iris Negron,"Adultcare, Inc.",1607 Manahattan Avenue,"Union City, NJ - 07087",CORPORATION - FOR PROFIT,,,40.76137640,-74.03245080
408212,ADULT DAY HEALTH SERVICES FACILITY,BAYONNE ADULT MEDICAL DAY CARE CENTER (NJ408212),BAYONNE ADULT MEDICAL DAY CARE CORP. OF BAYONNE,801-803 BROADWAY,BAYONNE,07002,HUDSON,(201) 243-0035,(201) 243-0036,bayonneadc@yahoo.com,2027-03-31,180,Ms Marina Moroz,Bayonne Adult Medical Day Care Corp. Of Bayonne,801-803 Broadway,"Bayonne, NJ - 07002",CORPORATION - FOR PROFIT,1891847919,ALEXANDER ARSHIN (Direct Owner President),40.67471830,-74.10957440
09010,ADULT DAY HEALTH SERVICES FACILITY,CARE WITH LOVE ADULT DAY CARE CENTER (NJ09010),"CARE WITH LOVE ADULT DAYCARE CENTER, INC",953 GARFIELD AVENUE,JERSEY CITY,07304,HUDSON,(201) 333-8883,(201) 333-8897,carewlove973@gmail.com,2026-11-30,150,Ms Dawn Fingall,"Care With Love Adult Daycare Center, Inc",194 Terrace Avenue,"Jersey City, NJ - 07307",,,,40.71130420,-74.06998860
25429,ADULT DAY HEALTH SERVICES FACILITY,GARDEN STATE ADULT MEDICAL DAY CARE CENTER LLC (NJ25429),Garden State Adult Medical Day Care Center LLC,"20 MEADOWLANDS PARKWAY, SUITE 100-2",SECAUCUS,07094,HUDSON,(201) 875-2856,(201) 426-2275,0,2026-12-31,140,Nilam Trivedi,Garden State Adult Medical Day Care Center Llc,20 Meadowlands Parkway,"Secaucus, NJ - 07094",,,,0,0
408110,ADULT DAY HEALTH SERVICES FACILITY,HAPPY DAYS 3 ADULT HEALTHCARE (NJ408110),HD HEALTHCARE SERVICES,591 MONTGOMERY STREET,JERSEY CITY,07302,HUDSON,(201) 938-0300,0,bk@happydayshealthcare.com,2027-05-31,48,Mr Benjamin Mayer,Hd Healthcare Services,15 Teaberry Court,"Lakewood, NJ - 08701",PROFIT - LLC,,,40.10958490,-74.23411900
09001,ADULT DAY HEALTH SERVICES FACILITY,"MI CASA ES SU CASA II, INC (NJ09001)","MI CASA ES SU CASA II, INC.",6120 BUCHANAN PLACE (PO BOX 4074),WEST NEW YORK,07093,HUDSON,(201) 537-2211,(201) 537-2209,srodriguez.micasamgmt@gmail.com,2023-07-31,200,John Laureda,"Mi Casa Es Su Casa Ii, Inc.",38 Mohegan Trail,"Saddle River, NJ - 07458",CORPORATION - FOR PROFIT,,,40.78784900,-74.00847650
408331,ADULT DAY HEALTH SERVICES FACILITY,SENIOR SPIRIT OF JERSEY CITY (NJ408331),"FAMILY SENIOR HEALTH, LLC",675 GARFIELD AVENUE,JERSEY CITY,07305,HUDSON,(201) 761-0280,(201) 761-0290,seniorspiritjc1@gmail.com,2026-10-31,160,Ms Luisa Ubiera,"Family Senior Health, Llc",675 Garfield Avenue (2Nd Fl),"Jersey City, NJ - 07305",PROFIT - LLC,,,40.70302810,-74.07650520
408330,ADULT DAY HEALTH SERVICES in a LONG-TERM CARE FACILITY,ST ANN'S HOME FOR THE AGED (NJ408330),ST. ANN'S HOME FOR THE AGED,198 OLD BERGEN ROAD,JERSEY CITY,07305,HUDSON,(201) 433-0950,(201) 433-6554,stannsamdc408330@peacecorenj.org,2027-08-31,50,Mr Robert Reyes,St. Ann'S Home For The Aged,198 Old Bergen Road,"Jersey City, NJ - 07305",CORPORATION - NONPROFIT,,,40.69571570,-74.09343810
408210,ADULT DAY HEALTH SERVICES FACILITY,SUNFLOWER MEDICAL ADULT DAY CARE (NJ408210),METROPOLITAN LIFE CARE CORP,300 BROADWAY,BAYONNE,07002,HUDSON,(201) 243-0666,(201) 243-1836,jamie@sunfloweramdc.com,2026-12-31,96,Ms Jamie Ryan,Metropolitan Life Care Corp,300 Broadway,"Bayonne, NJ - 07002",CORPORATION - FOR PROFIT,1831998905;1003958703,JAMIE RYAN (Administrator);CYNTHIA CHEVAL (Administrator),40.65703130,-74.12376660
25477,ADULT DAY HEALTH SERVICES in an ASSISTED LIVING RESIDENCE,COURTYARD ADULT DAY CENTER (NJ25477),COURTYARD ADULT DAY CENTER LLC,111 WEST MAIN STREET,CLINTON,08809,HUNTERDON,(908) 735-5111,0,Nina.Tereshchenko@courtyardsl.com,2026-11-30,105,Jaime Kaeser,Courtyard Adult Day Center Llc,,", -",,,,0,0
10103AD,ADULT DAY HEALTH SERVICES FACILITY,FLEMINGTON ADULT DAY CARE CENTER (NJ10103),FLEMINGTON ADULT DAY CARE CENTER LLC,3 WALTER E FORAN BLVD,FLEMINGTON,08822,HUNTERDON,(732) 800-0027,(908) 237-3496,bhulku.sameer@gmail.com,2027-06-30,120,Mrunali Shah,Flemington Adult Day Care Center Llc,3 Walter E Foran Blvd,"Flemington, NJ - 08822",PROFIT - LLC,1336524917;1356835276,BHAGVATSINH PARMAR (PARTNER);SAMIR SHAH (CEO),40.52156740,-74.85610440
081170,ADULT DAY HEALTH SERVICES FACILITY,ACTIVE DAY OF HAMILTON (NJ81170),"SENIOR CARE CENTERS OF AMERICA, INC.",410 WHITEHEAD ROAD,HAMILTON,08619,MERCER,(609) 883-0200,(609) 883-1974,HAMILTON@ACTIVEDAY.COM,2026-11-30,110,Mr Stan Dervech,"Senior Care Centers Of America, Inc.","6 Neshaminy Interplex, Suite 401","Trevose, PA - 19053",CORPORATION - FOR PROFIT,,,40.24360890,-74.72616260
11002,ADULT DAY HEALTH SERVICES FACILITY,ELITE CARING (NJ11002),"RGS OPERATING, LLC",80 WEST UPPER FERRY ROAD,EWING,08628,MERCER,(609) 883-0020,(609) 883-7770,cbrand@elitecaring.com,2027-02-28,125,Ms Kelly Dickinson,"Rgs Operating, Llc",80 West Upper Ferry Road,"Ewing, NJ - 08628",,,,40.26561720,-74.82064670
12043,ADULT DAY HEALTH SERVICES FACILITY,NEW BEGINNINGS ADULT DAY CARE CENTER (NJ12043),"MANAV, LLC","4 CROSSROAD DRIVE, SUITE #108",HAMILTON,08619,MERCER,(484) 515-6990,(609) 570-8600,administrator@nbadc.com,2026-10-31,120,Shivangi Parekh,"Manav, Llc","4 Crossroads Drive, Suite 108","Hamilton, NJ - 08619",,,,,
478310,ADULT DAY HEALTH SERVICES FACILITY,PRESTIGE OF EWING AMDC LLC (NJ478310),PRESTIGE OF EWING AMDC LLC,1676 NORTH OLDEN AVENUE,EWING,08638,MERCER,(609) 434-0041,(609) 434-0043,isaac@prestigeamdc.org,2027-05-31,200,Jeremy Gonzalez,Prestige Of Ewing Amdc Llc,1676 N. Olden Avenue,"Ewing, NJ - 08638",CORPORATION - FOR PROFIT,,,40.24661010,-74.76407890
11007,ADULT DAY HEALTH SERVICES FACILITY,RISING STAR ADULT DAY CARE CENTER (NJ11007),"RISING STAR ADULT DAY CARE CENTER, LLC","1980 NORTH OLDEN AVENUE, SUITE 10",EWING,08618,MERCER,(609) 403-6979,(609) 323-7677,risingstaradc@live.com,2027-04-30,114,Ms Bernadette Pechilio,"Rising Star Adult Day Care Center, Llc",1980 North Olden Avenue,"Ewing, NJ - 08618",PROFIT - PARTNERSHIP,,,40.25265270,-74.78838090
11012,ADULT DAY HEALTH SERVICES FACILITY,WISHING WELL ADULT DAY HEALTH CARE (NJ11012),"WISHING WELL ADULT DAY HEALTH CARE, LLC","3450 PRINCETON PIKE, SUITE 120",LAWRENCEVILLE,08648,MERCER,(609) 356-0628,(732) 242-9741,mkravchenko@wishingwellcare.us,2027-02-28,200,Mr Michael Kravchenko,"Wishing Well Adult Day Health Care, Llc","3450 Princeton Pike, Suite 120","Lawrenceville, NJ - 08648",PROFIT - LLC,,,40.29209810,-74.70654610
Z0SFLR,ADULT DAY HEALTH SERVICES FACILITY,"2ND HOME PERTH AMBOY, LLC (Z0SFLR)","2ND HOME PERTH AMBOY OPERATIONS, LLC",420 FAYETTE STREET,PERTH AMBOY,08861,MIDDLESEX,(732) 826-8012,(732) 826-1961,wanda@2ndhome.org,2027-01-31,150,Wanda Rodriguez,"2Nd Home Perth Amboy Operations, Llc","25 E Salem Street, Suite 500","Hackensack, NJ - 07601",PROFIT - LLC,,,40.51415280,-74.28003620
13008,ADULT DAY HEALTH SERVICES FACILITY,ACTIVE DAY ADULT SERVICES (NJ13008),"ACTIVE DAY ADULT SOCIAL SERVICES, LLC",426 RARITAN STREET,SAYREVILLE,08872,MIDDLESEX,(732) 845-3332,(732) 845-3339,activedayservices@gmail.com,2027-04-30,110,Khafiza Sanginova,"Active Day Adult Social Services, Llc","20 Jackson Street, 1-A","Freehold, NJ - 07728",,,,40.47841610,-74.29683350
508101,ADULT DAY HEALTH SERVICES FACILITY,ALWAYS AT HOME (NJ508101),"RELIANCE ADULT DAY CARE, INC",8A JOCAMA BLVD,OLD BRIDGE,08857,MIDDLESEX,(732) 591-9155,(732) 591-9611,alwayshomeadc@gmail.com,2026-12-31,120,Mr Amrish Bhimani,"Reliance Adult Day Care, Inc",11 Brook Avenue,"Edison, NJ - 08820",CORPORATION - FOR PROFIT,1184764649,MIRON LIBERMAN (President),40.37799750,-74.30554210
KCWWKE,ADULT DAY HEALTH SERVICES FACILITY,BUCKINGHAM PLACE (KCWWKE),"BUCKINGHAM PLACE, LLC","700 WOODS LANE, SUITE A",MONMOUTH JUNCTION,08852,MIDDLESEX,(732) 329-8954,(732) 329-9225,paul@buckinghamplace.net,2022-01-31,64,Mr Paul Vlecides,"Buckingham Place, Llc","700 Woods Lane, Suite A","Mommouth Junction, NJ - 08852",PROFIT - LLC,,,40.38755520,-74.55698850
13013,ADULT DAY HEALTH SERVICES FACILITY,CARE FOREVER ADULT DAY CARE CENTER (NJ13013),CARE FOREVER ADULT DAY CARE CENTER LLC,7 PROGRESS STREET,EDISON,08820,MIDDLESEX,(732) 646-8483,(732) 993-7074,contact@cfadc.us,2027-02-28,180,Mr Ketan Patel,Care Forever Adult Day Care Center Llc,3 Schindler Lane,"Monroe Township, NJ - 08831",,,,40.59906320,-74.36012190
12021,ADULT DAY HEALTH SERVICES FACILITY,CIRCLE OF LIFE ADULT DAY SERVICES (NJ12021),SOUTH PLAINFIELD DAY CARE LLC,3000 HADLEY ROAD,SOUTH PLAINFIELD,07080,MIDDLESEX,(732) 839-3333,(732) 839-3332,circleoflifeadc@gmail.com,2026-12-31,150,Zalak Patel,South Plainfield Day Care Llc,3000 Hadley Road,"South Plainfield, NJ - 07080",PROFIT - LLC,,,40.55265840,-74.42155160
AD12004,ADULT DAY HEALTH SERVICES FACILITY,DAWN TO DUSK WELLBEING CENTER (NJAD12004),"PARR ENTERPRISES, LLC","12 STULTS ROAD, SUITE 125",DAYTON,08810,MIDDLESEX,(732) 447-9420,0,anandi@dusktodawnwellbeing.com,2022-08-31,140,Ms Joan Marie Granato,"Parr Enterprises, Llc",12 Stults Road Suite 125,"Dayton, NJ - 08810",PROFIT - LLC,,,40.35663710,-74.49240090
12010,ADULT DAY HEALTH SERVICES FACILITY,"EDISON ADULT DAY CARE CENTER, LLC (NJ12010)","EDISON ADULT DAY CARE CENTER, LLC",1655-150 OAK TREE ROAD,EDISON,08820,MIDDLESEX,(732) 494-1001,(732) 947-3001,edisonadultdaycare@gmail.com,2027-03-31,148,Ms Anurita Chitale,"Edison Adult Day Care Center, Llc",1655-150 Oak Tree Road,"Edison, NJ - 08820",PROFIT - LLC,,,40.57109850,-74.34012350
12009,ADULT DAY HEALTH SERVICES FACILITY,GOLDEN ERA MEDICAL ADULT DAY CARE (NJ12009),"GOLDEN ERA, LLC",23 NEVSKY STREET,EDISON,08820,MIDDLESEX,(732) 549-2273,(732) 549-2277,Administrator@adcgoldenera.com,2027-04-30,170,Priya Bhansali,"Golden Era Medical Adult Day Care, Llc",36 Meridian Road,"Edison, NJ - 08820",PROFIT - LLC,,,40.56594490,-74.38632900
12011,ADULT DAY HEALTH SERVICES FACILITY,"GOLDEN PATH ADULT DAY HEALTH CARE, INC (NJ12011)","GOLDEN PATH ADULT DAY HEALTH CARE, INC",50-52 CHARLES STREET,NEW BRUNSWICK,08901,MIDDLESEX,(732) 640-1122,(732) 640-1118,goldenpathnj@gmail.com,2027-05-31,140,Ms Natalia Handoga,"Golden Path Adult Day Health Care, Inc",50-52 Charles Street,"New Brunswick, NJ - 08901",CORPORATION - FOR PROFIT,,,40.47897860,-74.46034790
12057,ADULT DAY HEALTH SERVICES FACILITY,GRACE SENIOR CARE (NJ12057),"SATYANARAYAN HEALTHCARE, LLC",217-225 DURHAM AVENUE,SOUTH PLAINFIELD,07080,MIDDLESEX,(732) 791-4888,0,tejas70@yahoo.com,2026-10-31,60,Tejas Patel,"Satyanarayan Healthcare, Llc",1 Ethel Road Suite 106C,"Edison, NJ - 08817",PROFIT - LLC,,,40.55762830,-74.41514330
12020,ADULT DAY HEALTH SERVICES FACILITY,GRACELAND ADULT MEDICAL DAY CARE (NJ12020),"GRACELAND ADULT MEDICAL DAY CARE, INC",316 MADISON AVENUE,PERTH AMBOY,08861,MIDDLESEX,(732) 826-0680,(732) 826-0684,gracelandamdc@gmail.com,2027-09-30,170,Ms Lovina Onwubuya,"Graceland Adult Medical Day Care, Inc",316 Madison Avenue,"Perth Amboy, NJ - 08861",CORPORATION - FOR PROFIT,,,40.50971000,-74.26960480
12015,ADULT DAY HEALTH SERVICES FACILITY,HARMONY ADULT MEDICAL DAY CARE CENTER (NJ12015),"HARMONY ADULT MEDICAL DAY CARE CENTER, INC",220 CENTENNIAL AVENUE,PISCATAWAY,08854,MIDDLESEX,(732) 667-5527,(732) 667-5528,jenny@harmonyamdcc.com,2027-03-31,120,Ms Yuliya Shuper,"Harmony Adult Medical Day Care Center, Inc",220 Centennial Avenue,"Piscataway, NJ - 08854",CORPORATION - FOR PROFIT,,,40.54419230,-74.49377440
12025,ADULT DAY HEALTH SERVICES FACILITY,ISELIN ADULT DAY CARE CENTER (NJ12025),"ISELIN ADULT DAY CARE CENTER, LLC",477 LINCOLN HIGHWAY 27,ISELIN,08830,MIDDLESEX,(732) 283-1373,(732) 283-1379,nimishp1@gmail.com,2027-05-31,97,Ms Pearl Abraham,"Iselin Adult Day Care Center, Llc",477 Lincoln Highway 27,"Iselin, NJ - 08830",,,,40.56734810,-74.33152510
2CPTS8,ADULT DAY HEALTH SERVICES FACILITY,JUST HOME MEDICAL ADULT DAY (2CPTS8),"JUST HOME, INC.",7 EDGEBORO ROAD,EAST BRUNSWICK,08816,MIDDLESEX,(732) 432-9990,(732) 432-9993,svetlana.senyo@jhcare.com,2027-03-31,200,Ms Svetlana Senyo,"Just Home, Inc.",7 Edgeboro Road,"East Brunswick, NJ - 08816",CORPORATION - FOR PROFIT,,,40.46338630,-74.40149260
12012,ADULT DAY HEALTH SERVICES FACILITY,JUST LIKE HOME (NJ12012),"RELIANCE HEALTHCARE (NJ), INC",106 MAIN STREET,SOUTH AMBOY,08879,MIDDLESEX,(732) 721-9200,(888) 843-6925,justlikehomeadc@gmail.com,2027-09-30,185,Mr Nileshkumar Patel,"Reliance Healthcare (Nj), Inc",106 Main Street,"South Amboy, NJ - 08879",CORPORATION - FOR PROFIT,1093040958,RAJESH JARIWALA (President),40.47795310,-74.29734520
12046,ADULT DAY HEALTH SERVICES FACILITY,MEDICAL ADULT DAY CARE AT PRINCETON HEALTH CAMPUS (NJ12046),MEDICAL ADULT DAY CARE AT PRINCETON HEALTH CAMPUS,"2 HOSPITAL DRIVE, BUILDING B",PLAINSBORO,08536,MIDDLESEX,(908) 812-5079,0,0,2021-12-31,0,Nalin Patel,Medical Adult Day Care At Princeton Health Campus,5202 Buttonwood Court,"Monmouth Junction, NJ - 08852",,,,40.34129660,-74.62137800
508300,ADULT DAY HEALTH SERVICES FACILITY,NIRVANA ADULT DAY CARE (NJ508300),"NIRVANA ADULT DAY CARE, LLC",835 ROUTE 1 SOUTH,ISELIN,08830,MIDDLESEX,(848) 200-7343,(848) 200-7344,nirvanaadultdaycare@gmail.com,2026-10-31,200,Ms Anudeep Kaur,"Nirvana Adult Day Care, Llc",2050 Oak Tree Road,"Edison, NJ - 08820",PROFIT - LLC,,,40.57621030,-74.37364340
83001,ADULT DAY HEALTH SERVICES FACILITY,"PARKER AT MONROE ADULT DAY HEALTH SERVCES CTR, INC (NJ83001)","PARKER HOME AND COMMUNITY BASED SERVICES, INC.","200 OVERLOOK DRIVE, PONDVIEW PLAZA",MONROE TOWNSHIP,08831,MIDDLESEX,(848) 237-2386,(609) 409-1310,pvlecides@parkerlife.org,2027-05-31,100,Ms Rachel Kallish,"Parker @ The Pavilion A D Health Srvs Center, Inc",,", -",,,,40.30435940,-74.45581500
12008,ADULT DAY HEALTH SERVICES FACILITY,PARKER AT THE PAVILION ADULT DAY HEALTH SERVICES C (NJ12008),"PARKER HOME AND COMMUNITY BASED SERVICES, INC.",443 RIVER ROAD,HIGHLAND PARK,08904,MIDDLESEX,(732) 565-2440,(732) 565-2430,rmuniz@parkerlife.org,2027-03-31,60,Samara Elias,"Parker @ The Pavilion Adult Day Hlth Svcs Ctr, Inc",443 River Road,"Highland Park, NJ - 08904",CORPORATION - NONPROFIT,,,40.50873260,-74.44392990
12049,ADULT DAY HEALTH SERVICES FACILITY,PRINCETON ADULT DAY CARE (NJ12049),"PRINCETON ADULT DAY CARE, LLC","2245 ROUTE 130 SOUTH, SUITE 106",DAYTON,08810,MIDDLESEX,(732) 783-7997,(732) 823-1101,tjovindah@princetonadultdaycare.com,2026-09-30,150,Tehmina Jovindah,"Princeton Adult Day Care, Llc",2245 Route 130 South Suite 106,"Dayton, NJ - 08810",,,,40.38271210,-74.50377600
AD12005,ADULT DAY HEALTH SERVICES FACILITY,ROUTE ONE ADULT DAY CARE AND WELLNESS CENTER (NJAD12005),ROUTE ONE ADULT DAY CARE AND WELLNESS CENTER,2600 ROUTE 1,NORTH BRUNSWICK,08902,MIDDLESEX,(908) 812-6396,(609) 395-8760,docshams71@gmail.com,2026-06-30,242,Zarruh Suponkulov,Route One Adult Day Care And Wellness Center,2600 Route 1,"North Brunswick, NJ - 08902",,,,40.43230030,-74.51233690
12022,ADULT DAY HEALTH SERVICES FACILITY,SECOND INNING ADULT DAY CARE CENTER (NJ12022),"SECOND INNING, LLC",1501 LIVINGSTON AVENUE,NORTH BRUNSWICK,08902,MIDDLESEX,(732) 626-5544,(732) 626-5543,secondinningadc@gmail.com,2027-08-31,153,Ajay Patel,"Second Inning, Llc",1501 Livingston Avenue,"North Brunswsick, NJ - 08902",PROFIT - LLC,,,40.45863870,-74.48196140
12031,ADULT DAY HEALTH SERVICES FACILITY,SEWA ADULT DAY CARE (NJ12031),"SEWA ADULT DAY CARE, LLC","1020 ROUTE 18 NORTH, SUITE M",EAST BRUNSWICK,08816,MIDDLESEX,(732) 210-2727,(732) 210-2666,sewamgmt@gmail.com,2027-07-31,140,Divya Patel,"Sewa Adult Day Care, Llc","1020 Route 18 North, Suite M","East Brunswick, NJ - 08816",PROFIT - LLC,,,40.41736990,-74.37011040
25411,ADULT DAY HEALTH SERVICES FACILITY,SHAKTI ADULT DAY CARE (NJ25411),HIRAL D. PATEL/SHAKTI DAY CARE LLC,"902 OAK TREE ROAD, SUITE 100",SOUTH PLAINFIELD,07080,MIDDLESEX,(610) 906-4602,0,0,2026-11-30,80,Hiral Patel,Adult Day Care Group,,", -",,,,0,0
508310,ADULT DAY HEALTH SERVICES FACILITY,SOUTH AMBOY ADULT DAY HEALTH CARE CENTER (NJ508310),FIRST HEALTHCARE LLC,540 BORDENTOWN AVENUE,SOUTH AMBOY,08879,MIDDLESEX,(732) 553-1600,(732) 553-1608,bp@firsthc.com,2027-06-30,120,Ms Maryann Statkus,First Healthcare Llc,4557 Route 9 North,"Howell, NJ - 07731",PROFIT - LLC,,,40.47528240,-74.28656590
13017,ADULT DAY HEALTH SERVICES FACILITY,SOUTH BRUNSWICK ADC (NJ13017),SOUTH BRUNSWICK ADC LLC,2000 CORNWALL ROAD,MONMOUTH JUNCTION,08852,MIDDLESEX,(732) 201-6100,0,sbadcnj@gmail.com,2027-02-28,120,Vandana Nayak,South Brunswick Adc Llc,"2000 Cornwall Road, Suite 115","Monmouth Junction, NJ - 08852",,,,40.41403980,-74.53039900
12013,ADULT DAY HEALTH SERVICES FACILITY,STERLING ADULT DAY CARE CENTER LLC (NJ12013),"STERLING ADULT DAY CARE CENTER, LLC",119-120 NORTH CENTER DRIVE,NORTH BRUNSWICK,08902,MIDDLESEX,(732) 951-2020,(732) 951-2307,dasondis@gmail.com,2026-12-31,200,Ms Sejal Dasondi,"Sterling Adult Day Care Center, Llc",120 North Center Drive,"North Brunswick, NJ - 08902",PROFIT - LLC,,,40.44534110,-74.50134070
12014,ADULT DAY HEALTH SERVICES FACILITY,SUNNY DAYS ADULT DAY CARE CENTER (NJ12014),"SATYANARAYAN HEALTHCARE, LLC","1 ETHEL ROAD, SUITE 106C",EDISON,08817,MIDDLESEX,(732) 791-4888,(908) 769-5104,sunnydayssp@gmail.com,2027-08-31,128,Tejas Patel,"Satyanarayan Healthcare, Llc",1 Ethel Road Suite 106C,"Edison, NJ - 08817",PROFIT - LLC,,,40.53943060,-74.39594960
12034,ADULT DAY HEALTH SERVICES FACILITY,VATSALYA ADULT DAY CARE (NJ12034),VATSALYA ADULT DAY CARE LLC,"1412 STELTON ROAD, UNIT 6-10",PISCATAWAY,08854,MIDDLESEX,(732) 331-8966,0,b.parmar@yahoo.com,2026-10-31,150,Bhavin Mehta,Vatsalya Adult Day Care Llc,"1412 Stelton Road, Unit 6-10","Piscataway, NJ - 08854",PROFIT - LLC,,,40.53819250,-74.42242620
12033,ADULT DAY HEALTH SERVICES FACILITY,"VCARE ADULT CENTER, LLC (NJ12033)",SHRAVAN ADULT DAY LLC,121 ETHEL ROAD WEST,PISCATAWAY,08854,MIDDLESEX,(732) 640-0455,(732) 640-0454,Shravanadultday@gmail.com,2027-05-31,190,Ms Niyati Patel,Shravan Adult Day Llc,,", -",,,,40.52958440,-74.42865550
556215,ADULT DAY HEALTH SERVICES FACILITY,ALL IN A DAY MEDICAL DAY CARE CENTER (NJ556215),"ALL IN A DAY ADULT MEDICAL DAY CARE, LLC",104 PENSION ROAD,ENGLISHTOWN,07726,MONMOUTH,(732) 792-2273,(732) 792-2322,admin@alldayadultcare.com,2027-06-30,60,Ms Kelly Raike,"All In A Day Adult Medical Day Care, Llc",104 Pension Road,"Englishtown, NJ - 07726",PROFIT - LLC,,,40.31620220,-74.34824530
83010,ADULT DAY HEALTH SERVICES FACILITY,ALLAIRE CARE (NJ83010),"R.H.C. ADC, INC",1979 ROUTE 34 SOUTH,WALL,07719,MONMOUTH,(732) 974-7666,(732) 974-2261,allairecare@yahoo.com,2027-09-30,62,Balwinder Singh,"R.H.C. Adc, Inc",11 Brook Avenue,"Edison, NJ - 08820",CORPORATION - FOR PROFIT,,,40.15125700,-74.09724660
13016,ADULT DAY HEALTH SERVICES FACILITY,CARING TREE ADULT MEDICAL DAYCARE (NJ13016),CARING TREE ADULT MEDICAL DAYCARE LLC,51 JAMES WAY,EATONTOWN,07724,MONMOUTH,(732) 542-0363,(732) 542-0372,0,2019-11-30,80,Mr Graham Kennedy,Caring Tree Adult Medical Daycare Llc,51 James Way,"Eatontown, NJ - 07724",PROFIT - LLC,1467827634,GRAHAM KENNEDY (Administrator/ Owner),40.27435330,-74.05029980
558113,ADULT DAY HEALTH SERVICES FACILITY,GOLDEN AGE CARE (NJ558113),"GOLDEN AGE CARE, LLC",209 COMMERCIAL COURT,MORGANVILLE,07751,MONMOUTH,(732) 583-9999,(732) 583-3883,goldenagecarellc209@gmail.com,2027-06-30,99,Ms Cynthia Cheval,"Golden Age Care, Llc",209 Commercial Court,"Marganville, NJ - 07751",PROFIT - LLC,1326187071,GALINA GOLDEN (Managing Member),40.35507780,-74.28161520
13001,ADULT DAY HEALTH SERVICES FACILITY,GOLDEN YEARS CARE (NJ13001),"GOLDEN YEARS CARE, LLC",108 WOODWARD ROAD,MANALAPAN,07726,MONMOUTH,(732) 851-6640,(732) 446-6898,goldenyearscarellc@gmail.com,2027-06-30,300,Ms Larisa Bubel,"Golden Years Care, Llc",108 Woodward Road,"Manalapan, NJ - 07726",PROFIT - LLC,,,40.24994700,-74.36698400
25301,ADULT DAY HEALTH SERVICES FACILITY,HOLMDEL ADULT CARE CENTER LLC (NJ25301),HOLMDEL ADULT CARE CENTER LLC,2145 ROUTE 35,HOLMDEL,07733,MONMOUTH,(888) 381-8777,0,thomas-victor@hotmail.com,2027-06-30,40,Peter Mehanny,Holmdel Adult Care Center Llc,,", -",,,,0,0
558100,ADULT DAY HEALTH SERVICES FACILITY,JERSEY SHORE ADULT DAY HEALTH CARE CENTER (NJ558100),FIRST HEALTHCARE ASBURY PARK LLC,600 MAIN STREET,ASBURY PARK,07712,MONMOUTH,(732) 869-9090,(732) 988-2803,bp@firsthc.com,2027-02-28,112,Ms Anedris De Larosa,First Healthcare Asbury Park Llc,"4557 Route 9 North, Suite 203","Howell, NJ - 07731",PROFIT - LLC,,,40.21906610,-74.01186370
13022,ADULT DAY HEALTH SERVICES FACILITY,MATAWAN ADULT DAY CARE (NJ13022),MATAWAN ADULT DAY CARE LLC,3996 COUNTY ROAD 516,MATAWAN,07747,MONMOUTH,(732) 391-8100,(732) 810-0291,matawanadc@gmail.com,2027-06-30,160,Ratika Rajpal,Matawan Adult Day Care Llc,3996 County Road 516,"Matawan, NJ - 07747",,,,40.40500730,-74.28784940
13009,ADULT DAY HEALTH SERVICES FACILITY,MONROE ADULT DAY CARE (NJ13009),24 DUGANS GROVE LLC,24 DUGANS GROVE ROAD,MILLSTONE TWP,08535,MONMOUTH,(732) 851-6720,(732) 851-7925,rahulkshah66@yahoo.com,2027-03-31,170,Sandeep Sohal,24 Dugans Grove Llc,7 Makayla Court,"Monroe, NJ - 08831",PROFIT - LLC,1568853646,ALOK PATEL (ADMINISTRATOR),40.26147840,-74.40882590
13018AD,ADULT DAY HEALTH SERVICES FACILITY,"NEPTUNE ADULT DAY HEALTH CENTER, INC (NJ13018)","NEPTUNE ADULT DAY HEALTH CENTER, INC.",3405 ROUTE 33,NEPTUNE,07753,MONMOUTH,(732) 918-0663,(732) 922-0759,neptuneadhc@gmail.com,2026-12-31,180,Ms Ulyana Kats,"Neptune Adult Day Health Center, Inc.",3405 Route 33,"Neptune, NJ - 07753",,1376071241,ULYANA YAGODINTSEVA (Administrator),40.20984470,-74.07696410
FNP72Z,ADULT DAY HEALTH SERVICES FACILITY,ROYAL SENIOR CARE (FNP72Z),FIVE STAR DAY CARE LLC,1041 (500) HIGHWAY 36,ATLANTIC HIGHLANDS,07716,MONMOUTH,(732) 291-0710,0,royalseniorcare@aol.com,2027-10-31,65,Mr Samuel Herbst,Five Star Day Care Llc,101 Highway 36,"Atlantic Highlands, NJ - 07716",PROFIT - LLC,,,40.42251130,-74.09792840
AD13001,ADULT DAY HEALTH SERVICES FACILITY,SENIOR COMFORT ADULT MEDICAL DAY CARE (NJAD13001),SENIOR COMFORT LLC,"3 PARAGON WAY, SUITE 150",FREEHOLD,07728,MONMOUTH,(732) 984-6380,(732) 984-6424,mkravchenko@wishingwellcare.com,2027-01-31,240,Mr Harold Herskowitz,Senior Comfort Llc,"3 Paragon Way, Suite 150","Freehold, NJ - 07728",,,,40.23995930,-74.25525540
13007,ADULT DAY HEALTH SERVICES FACILITY,"WE CARE ADULT CARE, INC (NJ13007)","WE CARE ADULT CARE, INC",552A HIGHWAY 35 SOUTH,RED BANK,07701,MONMOUTH,(732) 741-7363,(732) 741-9188,wecareadultcare@aol.com,2026-12-31,70,Ms Tracey Wolfman,"We Care Adult Care, Inc",552-A Highway 35,"Red Bank, NJ - 07701",CORPORATION - FOR PROFIT,,,40.37688470,-74.09366620
558110,ADULT DAY HEALTH SERVICES FACILITY,YOUNG AT HEART OF EATONTOWN (NJ558110),RIVAARON LLC,139 GRANT AVENUE,EATONTOWN,07724,MONMOUTH,(732) 578-1888,(732) 935-7509,bdarlington@optonline.net,2026-10-31,35,Ms Won Chae,Rivaaron Llc,139 Grant Avenue,"Eatontown, NJ - 07724",PROFIT - LLC,,,40.29246700,-74.06391400
14015,ADULT DAY HEALTH SERVICES FACILITY,"CARING FOR LIFE ADULT DAY CARE, LLC (NJ14015)","CARING FOR LIFE ADULT DAY CARE, LLC",120 EAST HALSEY ROAD,PARSIPPANY,07054,MORRIS,(973) 515-8079,(862) 701-5490,CARINGFORLIFE.PARSIPPANY@GMAIL.COM,2027-09-30,250,Ms Emily Chan,"Caring For Life Adult Day Care, Llc",120 East Halsey Road,"Parsippany, NJ - 07054",,,,40.84977160,-74.42013600
14011,ADULT DAY HEALTH SERVICES FACILITY,JIANYANG & KANGERHOUSE LLC (NJ14011),JIANYANG & KANGERHOUSE LLC,48 HORSEHILL ROAD,CEDAR KNOLLS,07927,MORRIS,(973) 539-2969,(973) 539-2851,Debpeterse@aol.com,2026-10-31,200,Huacheng Wang,Jianyang & Kangerhouse Llc,48 Horsehill Road,"Cedar Knolls, NJ - 07927",,,,40.81620100,-74.46224400
14007,ADULT DAY HEALTH SERVICES FACILITY,MORRIS ADULT DAY CARE (NJ14007),"MORRIS ADULT DAY CARE, LLC",784 ROUTE 46,PARSIPPANY,07054,MORRIS,(973) 794-4455,(973) 794-4373,morrisadc@gmail.com,2027-09-30,140,Uma Kalu,"Morris Adult Day Care, Llc",3 Brighton Court,"Livingston, NJ - 07035",PROFIT - LLC,1629454764,WILLIAM ZENGERLE (COO),40.86256720,-74.37352470
14008,ADULT DAY HEALTH SERVICES FACILITY,NIRAMAY ADULT DAY CARE CENTER (NJ14008),NIRAMAY ADULT DAY CARE CENTER,290 ROUTE 46,PARSIPPANY,07054,MORRIS,(973) 396-8527,(973) 396-8528,TOPRAFUL@gmail.com,2027-03-31,140,Mr Amrit Patel,Niramay Adult Day Care Center,280 Route 46,"Parsippany, NJ - 07054",,1558838250,PRAFUL PATEL (Owner),40.85964290,-74.35775750
14010,ADULT DAY HEALTH SERVICES FACILITY,PARAM ADULT DAY CARE (NJ14010),"PARAM HEALTHCARE & IT SERVICES, INC",60 E HANOVER AVENUE,MORRIS PLAINS,07950,MORRIS,(973) 998-6900,(973) 998-6899,Vamin@param.us.com,2027-08-31,110,Bhruna Amin,"Param Healthcare & It Services, Inc","200 Middlesex Essex Tpk, Suite 110","Iselin, NJ - 08830",CORPORATION - FOR PROFIT,,,40.82212140,-74.47664980
14006,ADULT DAY HEALTH SERVICES FACILITY,PARSIPPANY ADULT DAYCARE CENTER (NJ14006),"PARSIPPANY ADULT DAYCARE CENTER, LLC",176 ROUTE 46,PARSIPPANY,07054,MORRIS,(973) 287-7746,(973) 201-2206,parsippanyadc@gmail.com,2026-12-31,140,Amrish Bhimani,"Parsippany Adult Daycare Center, Llc",11 Brook Avenue,"Edison, NJ - 08820",,,,40.85877530,-74.35384450
14003,ADULT DAY HEALTH SERVICES FACILITY,SECOND INNING I ADULT DAY CARE CENTER (NJ14003),"SECOND INNING I, LLC",181 KINGSTON ROAD,PARSIPPANY,07054,MORRIS,(973) 884-1855,(973) 884-1885,secondinningadc@yahoo.com,2027-08-31,100,Ms Flor Maria Soto,"Second Inning I, Llc",277 Wood Avenue,"Edison, NJ - 08820",PROFIT - LLC,,,40.82661750,-74.39274280
080187,ADULT DAY HEALTH SERVICES FACILITY,AMBASSADOR MEDICAL DAY CARE (NJ80187),AMBASSADOR HATZLACHA LLC,619 RIVER AVENUE,LAKEWOOD,08701,OCEAN,(732) 367-1133,(732) 370-1087,leah@ambassadordaycare.com,2026-11-30,90,Mordechai Grubin,Ambassador Hatzlacha Llc,1770 W. Kennedy Blvd,"Lakewood, NJ - 08701",PROFIT - LLC,1780710202,AARON STEFANSY (Controller),40.07311920,-74.21710720
658333,ADULT DAY HEALTH SERVICES in a LONG-TERM CARE FACILITY,SEACREST VILLAGE (NJ658333),"SEACREST VILLAGE, INC.",1001 CENTER STREET,LITTLE EGG HARBOR TW,08087,OCEAN,(609) 296-9292,(609) 296-0508,susanf@seacrestvillagenj.com,2022-10-31,48,Terrance Brian. Holloway,"Seacrest Village, Inc.",1001 Center Street,"Lit. Egg Harbor, NJ - 08087",CORPORATION - FOR PROFIT,,,39.57724310,-74.38096880
15102,ADULT DAY HEALTH SERVICES FACILITY,SILVER TIME ADULT DAY HEALTH CARE CENTER LLC (NJ15102),SILVER TIME ADULT DAY HEALTH CARE CENTER LLC,600 MULE ROAD,TOMS RIVER,08757,OCEAN,(848) 224-4285,(732) 234-5902,stdaycare@yahoo.com,2026-10-31,110,Ms Michele Lardieri,Silver Time Adult Day Health Care Center Llc,"600 Mule Road, Suite #15","Toms River, NJ - 08757",PROFIT - LLC,,,39.95729910,-74.24480210
658334,ADULT DAY HEALTH SERVICES in a LONG-TERM CARE FACILITY,WHITING GARDENS ADULT DAY CARE (NJ658334),WHITING GARDENS ADULT DAY CARE LLC,3000 HILLTOP ROAD,WHITING,08759,OCEAN,(732) 849-4969,(732) 849-0918,jjankelovits@whitinggardensrehab.com,2026-11-30,35,Ms Alice Shannon,Whiting Gardens Adult Day Care Llc,,", -",,,,39.96452190,-74.37973180
708112,ADULT DAY HEALTH SERVICES FACILITY,2ND HOME ADULT MEDICAL DAY (NJ708112),"2ND HOME PATERSON OPERATIONS, LLC",100 HAMILTON PLAZA GROUND FLOOR,PATERSON,07505,PASSAIC,(973) 523-3179,(973) 523-3482,alex@2ndhome.org,2027-01-31,120,Alejandro Hernandez,"2Nd Home Paterson Operations, Llc","25 E. Salem Street, Suite 500","Hackensack, NJ - 07601",PROFIT - LLC,,,40.91566050,-74.17006300
708116,ADULT DAY HEALTH SERVICES FACILITY,"2ND HOME PASSAIC, LLC (NJ708116)","2ND HOME PASSAIC OPERATIONS, LLC",63 GROVE STREET,PASSAIC,07055,PASSAIC,(973) 779-4228,(973) 779-4238,angela@2ndhome.org,2027-01-31,120,Kassandra Santiago,"2Nd Home Passaic Operations, Llc",25 E Salem Street Suite 500,"Hackensack, NJ - 07601",PROFIT - LLC,,,40.86003290,-74.12944400
082305,ADULT DAY HEALTH SERVICES FACILITY,2ND HOME TOTOWA (NJ82305),2ND HOME TOTOWA LLC,120 COMMERCE WAY,TOTOWA,07512,PASSAIC,(973) 890-5888,(973) 890-2755,alba@2ndhome.org,2027-09-30,104,Ms Alba Ferman,2Nd Home Totowa Llc,120 Commerce Way,"Totowa, NJ - 07512",,1790214708;1750435798,SAM OLLECH (COO);ARACELY HERNANDEZ (Administrator),40.90927290,-74.23934180
708117,ADULT DAY HEALTH SERVICES FACILITY,A PLUS ADULT MEDICAL DAY CARE (NJ708117),"A PLUS ADULT MEDICAL DAY CARE, LLC",575 EAST 18TH STREET,PATERSON,07514,PASSAIC,(973) 977-9100,(973) 977-2023,aplusadmi36@gmail.com,2027-07-31,120,Ms Sharon Girdley,"A Plus Adult Medical Day Care, Llc",17 East Texas Avenue,"Long Beach Twp, NJ - 08008",PROFIT - LLC,,,40.92048270,-74.15477830
708113,ADULT DAY HEALTH SERVICES FACILITY,"BUCKINGHAM ADULT MEDICAL DAY CARE CENTER, LLC (NJ708113)","BUCKINGHAM ADULT MEDICAL DAY CARE CENTER, LLC",316 NORTH 6TH STREET,PROSPECT PARK,07508,PASSAIC,(973) 904-3870,0,lkrasne@buckinghamamdc.com,2027-01-31,250,James Cruz,"Buckingham Adult Medical Day Care Center, Llc",316 North Sixth Street,"Prospect Park, NJ - 07508",PROFIT - LLC,,,40.93299650,-74.16904380
16012,ADULT DAY HEALTH SERVICES FACILITY,"CARE FACTORY INC, THE (NJ16012)","THE CARE FACTORY, INC","397 HALEDON AVENUE, SUITE 202",HALEDON,07508,PASSAIC,(973) 444-0110,0,carefactorymhk@gmail.com,2027-03-31,120,Ms Ana Sanchez,"The Care Factory, Inc",397 Haledon Avenue,"Haledon, NJ - 07508",CORPORATION - FOR PROFIT,,,40.93751830,-74.18194360
16014,ADULT DAY HEALTH SERVICES FACILITY,DIAMOND YEARS ADULT MEDICAL DAY CARE CENTER (NJ16014),"DIAMOND YEARS ADULT MEDICAL DAY CARE CENTER, LLC",360 WEST CLINTON STREET,HALEDON,07508,PASSAIC,(973) 942-4111,0,Lourdes@diamondyearsadc.com,2027-03-31,160,Lourdes Matias,"Diamond Years Adult Medical Day Care Center, Llc",360 W Clinton Street,"Haledon, NJ - 07508",,1508214099,EUGENA KIM (Administrator),40.93269370,-74.18225330
16019,ADULT DAY HEALTH SERVICES FACILITY,HAPPY HOME ADULT DAY CARE (NJ16019),"FREEHOLD HEALTHCARE, LLC","680 BROADWAY, SUITE 601",PATERSON,07514,PASSAIC,(862) 336-1701,(862) 336-1712,mlee@happyhomesnj.com,2027-04-30,360,Ms Myoung Lee,"Freehold Healthcare, Llc","40 Vreeland Avenue, Suite 107","Totowa, NJ - 07512",PROFIT - LLC,1740678861,ROBERT NOTTE (Managing Member),40.91775100,-74.14439820
708110,ADULT DAY HEALTH SERVICES FACILITY,MI CASA ES SU CASA INC (NJ708110),"ADULT DAY HEALTH, INC.",911 E 23RD ST,PATERSON,07543,PASSAIC,(973) 345-4300,(973) 345-8811,jessica.langlois@sevitahealth.com,2026-12-31,120,Mrs Diana Lozano,"Adult Day Health, Inc.","225 Foxborough Blvd, Suite 103","Foxborough, MA - 02035",,,,40.90903850,-74.15308100
708114,ADULT DAY HEALTH SERVICES FACILITY,"NEW CARING OF PROSPECT PARK , THE (NJ708114)",THE NEW CARING OF PROSPECT PARK LLC,262 N. 10TH STREET,PROSPECT PARK,07508,PASSAIC,(973) 904-9042,(973) 904-9046,marthac@thenewcaring.com,2023-09-30,250,Ms Priya Bhansali,The New Caring Of Prospect Park Llc,262 North 10Th Street,"Prospect Park, NJ - 07508",PROFIT - LLC,,,40.93346720,-74.17431850
16021,ADULT DAY HEALTH SERVICES FACILITY,PARAM ADULT DAY CARE (NJ16021),"PARAM HEALTHCARE & IT SERVICES, INC",750 BLOOMFIELD AVENUE,Clifton,07012,PASSAIC,(862) 238-7675,(862) 238-7679,Vamin@param.us.com,2027-01-31,110,Mr Bhavbhuti Patel,"Param Healthcare & It Services, Inc","200 Middlesex Essex Tpk, Suite 110","Iselin, NJ - 08830",CORPORATION - FOR PROFIT,,,40.84986680,-74.15287810
PQGG17,ADULT DAY HEALTH SERVICES FACILITY,PRESTIGE OF WOODLAND PARK AMDC (NJPQGG17),PRESTIGE OF WOODLAND PARK AMDC LLC,1225 MCBRIDE AVENUE,WOODLAND PARK,07424,PASSAIC,(973) 782-4112,(973) 782-4116,isaac@prestigeamdc.org,2027-08-31,135,Ms Yelena Yanovsky,Prestige Of Woodland Park Amdc Llc,1225 Mcbride Avenue,"Woodland Park, NJ - 07424",,,,40.89070240,-74.21298010
16020,ADULT DAY HEALTH SERVICES FACILITY,PROMISING ADULT DAYCARE (NJ16020),PROMISING ADULT DAYCARE LLC,"540 STRAIGHT STREET, 3RD FLOOR",PATERSON,07503,PASSAIC,(862) 262-4949,(973) 833-3200,admin@promisingadultdaycare.com,2027-02-28,130,Mr Yehudah Fink,Promising Adult Daycare Llc,540 Straight Street,"Paterson, NJ - 07503",,,,40.90561590,-74.16647480
708100,ADULT DAY HEALTH SERVICES FACILITY,STRAIGHT AND NARROW MEDICAL DA (NJ708100),"STRAIGHT & NARROW, INC.","182 FIRST STREET, 1ST FLOOR",PASSAIC,07055,PASSAIC,(973) 405-6675,(973) 405-6887,jraphael@straightandnarrowinc.org,2019-11-30,36,Mr Sam Pirozzi,"Straight & Narrow, Inc.",P O Box 2738,"Paterson, NJ - 07509",CORPORATION - NONPROFIT,,,40.86725840,-74.11773340
708115,ADULT DAY HEALTH SERVICES FACILITY,SWEET HOME ADULT MEDICAL DAY CARE (NJ708115),SWEET HOME ADULT MEDICAL DAY CARE INC,45 E MADISON AVENUE,Clifton,07011,PASSAIC,(973) 478-4200,(973) 478-0909,carzak@gmail.com,2027-07-31,118,Abigail Nieves,Sweet Home Adult Medical Day Care Inc,45 E Madison Avenue,"Clifton, NJ - 07011",CORPORATION - FOR PROFIT,,,40.87477360,-74.13528060
02033,ADULT DAY HEALTH SERVICES FACILITY,TRUCARE ADULT MEDICAL DAY CARE (NJ02033),TRUCARE ADULT MEDICAL DAY CARE,1111 PAULISON AVENUE,Clifton,07011,PASSAIC,(973) 913-5143,(973) 553-6910,priyank@trucareadc.com,2027-05-31,120,Monica Tucci,Trucare Adult Medical Day Care,1111 Paulson Avenue,"Clifton, NJ - 07011",,,,40.85449960,-74.12559020
16007,ADULT DAY HEALTH SERVICES FACILITY,XANADU ADULT MEDICAL DAY CARE CENTER (NJ16007),"MER ASSOCIATES, LLC","615 MAIN AVENUE, 3RD FLOOR",PASSAIC,07055,PASSAIC,(973) 365-0079,(973) 365-1772,abolanos2011@gmail.com,2027-05-31,160,Ms Aracely Bolanos,"Mer Associates, Llc",615 Main Avenue,"Passaic, NJ - 07055",PROFIT - LLC,,,40.85979420,-74.12548700
17001,ADULT DAY HEALTH SERVICES FACILITY,SALEM COUNTY ADULT CARE (NJ17001),"SALEM COUNTY ADULT DAY CARE, LLC",53 SOUTH BROAD STREET,PENNS GROVE,08069,SALEM,(856) 299-1111,(856) 299-5036,admin@salemcountydaycare.com,2026-09-30,80,Kiana Gregory,"Salem County Adult Day Care, Llc",53 South Broad Street,"Penns Grove, NJ - 08069",PROFIT - LLC,,,39.72810550,-75.46924840
808311,ADULT DAY HEALTH SERVICES FACILITY,ADULT LEARNING CENTER AT HILLSBOROUGH (NJ808311),"THE MATHENY SCHOOL AND HOSPITAL, INC.",216 RT 206 S SUITE 3 & 4,HILLSBOROUGH,08844,SOMERSET,(908) 904-1055,(908) 904-1035,sbielefeldt@matheny.org,2021-11-30,30,Mr Sean Bielefeldt,"The Matheny School And Hospital, Inc.",65 Highland Avenue,"Peapack, NJ - 07977",CORPORATION - NONPROFIT,,,0,0
808310,ADULT DAY HEALTH SERVICES FACILITY,"FOREVER YOUNG MEDICAL DAY CARE, LLC (NJ808310)","FOREVER YOUNG MEDICAL DAY CARE, L.L.C.",18 WORLDS FAIR DRIVE,SOMERSET,08873,SOMERSET,(732) 271-8010,(732) 271-8116,mtolcheva@gmail.com,2027-04-30,200,Mr Sergey Gerouta,"Forever Young Medical Day Care, L.L.C.",18 Worlds Fair Drive,"Somerset, NJ - 08873",PROFIT - LLC,1528280823,MARIYA TOLCHEVA (OWNER),40.53369420,-74.51542960
18112,ADULT DAY HEALTH SERVICES FACILITY,NEW LIFE ADULT DAYCARE (NJ18112),"NEW LIFE ADULT DAYCARE, LLC","727 FRANKLIN BOULEVARD, SUITE # 6",SOMERSET,08873,SOMERSET,(732) 253-5658,(732) 325-0860,newlife.care14@yahoo.com,2027-08-31,60,Rachnaben Tripathi,"New Life Adult Daycare, Llc",727 Franklin Boulevard,"Somerset, NJ - 08873",,,,40.48484010,-74.48127460
18110,ADULT DAY HEALTH SERVICES FACILITY,PARADISE ADULT DAY HEALTHCARE (NJ18110),"PARADISE ADULT DAY HEALTHCARE, LLC",23 WORLD FAIR DRIVE,SOMERSET,08873,SOMERSET,(732) 595-5315,(732) 595-5317,vladtolchev@gmail.com,2027-07-31,250,Mr Vladislav Tolchev,"Paradise Adult Day Healthcare, Llc",23 World Fair Drive,"Somerset, NJ - 08873",PROFIT - LLC,,,40.53286300,-74.51474290
AD18000,ADULT DAY HEALTH SERVICES FACILITY,PARENT'S CARE (NJAD18000),"NAND GHANSHYAM, LLC",347 ELIZABETH AVENUE,SOMERSET,08873,SOMERSET,(972) 489-8092,(732) 289-6524,parentscareadc@gmail.com,2027-07-31,50,Mr Srutivallabhdas Swami,"Nand Ghanshyam, Llc",3008 Vroom Drive,"Bridgewater, NJ - 08807",PROFIT - LLC,,,40.54340810,-74.53396940
25378,ADULT DAY HEALTH SERVICES FACILITY,PARKER AT SOMERSET ADULT DAY HEALTH SERVICES (NJ25378),"PARKER HOME AND COMMUNITY BASED SERVICES, INC.",15 DELLWOOD LANE,EAST MILLSTONE,08873,SOMERSET,(732) 565-2417,0,pvlecides@parkerlife.org,2026-11-30,40,Paul Vlecides,"Parker Home And Community Based Services, Inc.",443 River Road,"Highland Park, NJ - 08904",,,,0,0
18203,ADULT DAY HEALTH SERVICES FACILITY,RAINBOW HOME (NJ18203),"RAINBOW HEALTHCARE, INC","370 CAMPUS DRIVE, SUITE #114",SOMERSET,08873,SOMERSET,(732) 412-7167,(866) 665-6944,rainbowhomeadc@gmail.com,2027-02-28,90,Ms Roylice Brack,"Rainbow Healthcare, Inc","370 Campus Drive, Suite 114","Somerset, NJ - 08875",CORPORATION - FOR PROFIT,,,40.54551100,-74.54272520
NZDOUG,ADULT DAY HEALTH SERVICES FACILITY,2ND HOME SPRINGFIELD (NJNZDOUG),2ND HOME SPRINGFIELD LLC,40 STERN AVENUE,SPRINGFIELD,07081,UNION,(973) 376-4004,(973) 376-8060,Meir@2ndhome.org,2027-02-28,120,Meir Cohen,2Nd Home Springfield Llc,"25 East Salem Street, Suite 500","Hackensack, NJ - 07061",,,,40.68994610,-74.31759600
908116,ADULT DAY HEALTH SERVICES FACILITY,"2ND HOME SWEET HOME OPERATIONS, LLC (NJ908116)","HOME SWEET HOME OPERATIONS, LLC",550 NORTH BROAD STREET,ELIZABETH,07208,UNION,(908) 994-0050,(908) 994-0056,Rosanny@2ndhome.org,2026-12-31,155,Not Assigned,"Home Sweet Home Operations, Llc","25 E Salem Street, Suite 500","Hackensack, NJ - 07601",PROFIT - LLC,,,40.67513050,-74.21343860
408200,ADULT DAY HEALTH SERVICES FACILITY,ADVANCED SERVICES INTERNATIONAL DAY CARE PLUS (NJ408200),"ADVANCED SERVICES INTERNATIONAL, INC.",841 ST GEORGE AVENUE,ROSELLE,07203,UNION,(201) 209-0001,(201) 209-1333,njadvanced@yahoo.com,2027-04-30,100,Ms Ilona Mazor,"Advanced Services International, Inc.",49-51 Morton Place,"Jersey City, NJ - 07305",CORPORATION - FOR PROFIT,,,40.71357610,-74.08449650
908300,ADULT DAY HEALTH SERVICES in a LONG-TERM CARE FACILITY,ARISTACARE AT NORWOOD TERRACE (NJ908300),NORWOOD TERRACE NURSING AND REHABILITATION CENTER,40-44 NORWOOD AVENUE,PLAINFIELD,07060,UNION,(908) 769-1400,(908) 769-8092,NTadmin@aristacare.com,2027-02-28,30,Mr Israel Klein,Norwood Terrace Nursing And Rehabilitation Center,40-44 Norwood Avenue,"Plainfield, NJ -",PROFIT - PARTNERSHIP,,,40.62636740,-74.41877290
908115,ADULT DAY HEALTH SERVICES FACILITY,CEDAR HARBOR MEDICAL DAY CARE CENTER (NJ908115),"CEDAR HARBOR MEDICAL DAY CARE CENTER, LLC",545 EAST 1ST AVENUE,ROSELLE,07203,UNION,(908) 298-8588,(908) 298-8511,Admin@cedarharborday.com,2027-01-31,125,Lowell Fein,"Cedar Harbor Medical Day Care Center, Llc",199 Glen Avenue,"Lakewood, NJ - 08701",PROFIT - LLC,,,40.66232190,-74.24998300
908113,ADULT DAY HEALTH SERVICES FACILITY,DAYBREAK ADULT DAYCARE AT ELIZABETH (NJ908113),DAYBREAK ADULT DAYCARE AT ELIZABETH LLC,712 NEWARK AVENUE,ELIZABETH,07208,UNION,(908) 353-3530,(908) 353-3529,info@daybreakamdc.com,2027-04-30,61,Ms Ilia Fuster,Daybreak Adult Daycare At Elizabeth Llc,142 W Scott Avenue,"Rahway, NJ - 07065",PROFIT - LLC,,,40.67938370,-74.21052670
908112,ADULT DAY HEALTH SERVICES FACILITY,FIVE STAR ADULT MEDICAL DAY CARE CENTER (NJ908112),FIVE STAR ADULT MEDICAL DAY CARE CENTER LLC,1201 DEERFIELD TERRACE,LINDEN,07036,UNION,(908) 486-5750,(908) 486-3325,5staramdc@gmail.com,2026-11-30,110,Kenneth Pulley,Five Star Adult Medical Day Care Center Llc,537 Eugene Lane,"Wycoff, NJ - 07481",PROFIT - LLC,,,40.63247940,-74.27244700
908110,ADULT DAY HEALTH SERVICES FACILITY,SAGE SPEND A DAY (NJ908110),"SAGE ELDERCARE, INC.",290 BROAD STREET,SUMMIT,07901,UNION,(908) 598-5520,(908) 598-5545,dlopez@sageeldercare.org,2027-08-31,64,Stephanie Canete,"Sage Eldercare, Inc.",290 Broad Street,"Summit, NJ - 07901",CORPORATION - NONPROFIT,,,40.71507740,-74.35521910
18202,ADULT DAY HEALTH SERVICES FACILITY,SARAHCARE AT WATCHUNG SQUARE (NJ18202),"SARAHCARE @ WATCHUNG SQUARE, LLC",1115 GLOBE AVENUE,MOUNTAINSIDE,07092,UNION,(908) 561-8888,(908) 222-3481,jgrana@sarahcare.com,2027-01-31,140,Dr Juan Grana,"Sarahcare @ Watchung Square, Llc",35 Mary Ellen Drive,"Edison, NJ - 08820",PROFIT - LLC,,,40.67972020,-74.33757710
908117,ADULT DAY HEALTH SERVICES FACILITY,SENIOR SPIRIT OF ROSELLE PARK (NJ908117),"SENIOR SPIRIT OF ROSELLE PARK, LLC",430 EAST WESTFIELD AVENUE,ROSELLE PARK,07204,UNION,(908) 241-9393,(908) 241-5622,rickg@seniorspirit.com,2027-02-28,150,Lourdes Ruiz,"Senior Spirit Of Roselle Park, Llc",430 East Westfield Avenue,"Roselle Park, NJ - 07204",PROFIT - LLC,1245384916,ENRIQUE GIORDANO (Managing Member),40.66341250,-74.24920360
20004,ADULT DAY HEALTH SERVICES FACILITY,TOWN SQUARE ADULT MEDICAL DAY CARE CENTER (NJ20004),TOWN SQUARE ADULT MEDICAL DAY CARE CENTER INC,1155 EAST JERSEY STREET,ELIZABETH,07201,UNION,(908) 787-0980,(908) 787-0983,tsadmin@tsamdcc.com,2026-12-31,80,Yajahira Torres,Town Square Adult Medical Day Care Center Inc,1155 East Jersey Street,"Elizabeth, NJ - 07201",CORPORATION - FOR PROFIT,,,40.66542880,-74.21348450
